referencia,doi_articulo_citante,anio_citado
"Casey M. E., Savastinuk L. C. Library 2.0: Service for the Next-Generation Library // Library Journal. 2006. № 131 (1). P. 42–44.",10.33186/1027-3689-2024-5-85-101,2006
"Pegelow E, Borys D, Gummin D, Laubach E (2016) Clinical toxicity following suvorexant ingestion. Clin Toxicol 54:759–760",10.1007/s11419-024-00706-z,2016
"Fourati W, Bouhlel MS (2005) A novel approach to improve the performance of JPEG2000. In: ICGST international journal on graphics, vision and image processing, 5(5)",10.1007/s00521-024-10149-7,2005
"Limoncu, S., & Bayülgen, C. (2005). Türkiye’de afet sonrası yaşanan barınma sorunları, Megaron YTÜ Mim. Fak. e-Dergisi, 1(1), 18-27",10.53472/jenas.1412321,2005
"Cheong, S. W., Sung, H. C., Park, D. S., 2009, Population viability analysis of a gold-spotted pond frog (Rana chosenica) population: Implications for effective conservation and re-introduction, Korean Journal of Environmental Biology, 27(1), 73-81.",10.5322/jesi.2024.33.11.863,2009
"Xiao, Y.-S.; Zhang, L.; Hu, W.-L.; Zhao, Y.-B.; Hu, H. In Vitro Activity of Synthesized Pyran Derivatives-Inhibitor against Prostate Cancer. Lat. Am. J. Pharm. 2017, 36, 609–612.",10.1515/ncrs-2024-0344,2017
"Ren, J.Y. 2020. Population mobility, urbanization, and resident consumption—an empirical study on the development of high speed rail in the Yangtze river delta region. Journal of Commercial Economics 15: 154–157.",10.1007/s44176-024-00028-9,2020
"Ponce de León, Zoila. “Sistema de Salud en el Perú y el COVID-19”. Políticas y debates públicos, núm. 2, 2021, pp. 1-8. Impreso.",10.19053/uptc.01218530.n49.2024.17168,2021
"Melnyk, Y. (2012).(n.d.) Metodyka pidhotovky do naukovoyi dopovidi. [Emotions as the object of study in Linguistics]. Teoriya i Praktyka Upravlinnya Sotsialnymy Systemamy: Filosofiya, Psykholohiya, Pedahohika, Sotsiolohiya. 1, 29-33 (In Ukrainian)",10.17721/2663-0303.2024.1.01,2012
"Beristain, J., Gonzalo, O. & Sandá, A. Machinability of Al-SiC metal matrix composites using WC, PCD and MCD inserts. Revista De Metalurgia 50, 1–6 (2014).",10.1038/s41598-024-77652-8,2014
"Şahin, M. (2019). Korku, kaygı ve kaygı (anksiyete) bozuklukları [Fear, anxiety, and anxiety disorders]. Eurasian Journal of Researches in Social and Economics (EJRSE), 6 (10), 117-135.",10.69918/ejte.1558103,2019
"Fu, Y.-G., Zhou, C.-P., Hu, H.-P., Research on Differential Evolution Algorithm for Path Planning for Unmanned Aerial Vehicle in Ocean Environment, Acta Armamentarii, 3, 1-9, 2012.",10.17341/gazimmfd.1156817,2012
"Al. Farabi, A. Al Mantegh endal Farabi, Dar al Mashregh, Beirut, gatered by Majed Fakhri, p. 143, 1987.",10.11648/j.ijp.20241202.13,1987
"Sabzevari, M. H. Sharh e- Manzoome, Nashre Naab, vol. 1, Tehran, Iran, ed. 1, 1992.",10.11648/j.ijp.20241202.13,1992
"Chouhan D, Pal SK, Garg S. Experimental study on the effect of welding parameters and tool pin profiles on mechanical properties of the FSW joints. Dimensions. 2013;806:28.",10.1080/01694243.2024.2432392,2013
"Rothkopf, Joshua. 2016. “Purple Reign.” Guitar World, August 2016: 52.",10.2478/meiea-2024-0005,2016
"Hatch, M.H. (1947) The Chelifera and Isopoda of Washington and adjacent regions. University of Washington Publications in Biology, 10, 174–205.",10.11646/zootaxa.5458.3.7,1947
"Layade GO, Adebo BA, Olurin OT, et al. Separation of regional-residual anomaly using least square polynomial fitting method. JNAMP. 2015;30(0):169-180.",10.1177/21925682241282581,2015
"Singh HB, Kumar A, Adhikari BS (2021) Status of invasive alien plant species (IAPs) in Arunachal Pradesh, India: a review. Int J Researches Biosci Agric Technol 2021:604–613.",10.1007/s42965-024-00345-w,2021
"Abd Razak, N. N., Abbas, M. A., Azmi, M. A. A. M., Kamaruzzaman, M. A. H., Chong, A. K., Sulaiman, S. A., Mustafar, M. A., & Hashim, N. M (2023). An Outdoor Terrestrial Laser Scanner Data Quality Assurance: Minimizing Point-Based Self-Calibration Network Configuration. MCRJ Special Issue, 20(3), 203–220.",10.21834/e-bpj.v9i30.6235,2023
"Montgomery, Thomas, 1976. «Complementarity of stem-vowels in the Spanish second and third conjugation», Romance Philology, 29, 281–296.",10.4000/12zjw,1976
"Minchev I.N., Minchev Yu.N., Studies on the Dynamics of Machine Assemblies, EKS-PRES Publishing, Gabrovo, 2019, 372 pages.",10.17770/etr2024vol3.8125,2019
"(EU) 2021/808 of 22 March 2021 on the Performance of Analytical Methods for Residues of Pharmacologically Active Substances Used in Food-Producing Animals and on the Interpretation of Results as Well as on the Methods to be Used for Sampling and Repealing Decisions 2002/657/EC and 98/179/EC. Off. J. Eur. Union., 180, 84-109.",10.3390/foods13081235,2021
"P. Dwivedi, A. A. Waoo, Effective callus induction in Momordica dioica from seed explant, National Journal of Life Sciences, 2021, Vol. 18, No. 1/2, 65-68",10.29121/shodhkosh.v5.i6.2024.1841,2021
"Bezkorovainy D. O., Zvyagintseva I. M., Mazurenko I. O. Diagnosis of a healthy way of life for students of technical specialties as a way to prevent illness. Collection of scientific works “Physical culture, sports and the health of the nation” Zhytomyr State University named after Ivan Franko. 2017. 4 (23). 152-157.",10.31392/udu-nc.series15.2024.1(173).01,2017
"Lee, E., Fontaine, A., MacDonald, S.-A. et Caron, R. (2017). Promouvoir une perspective anti-oppressive dans la formation en travail social. Revue Intervention, 145, 7-20.",10.7202/1111610ar,2017
"Bratchikov S. G., Berman Yu. A., Belotserkovskii Ya. L. etc. Teplotekhnika okuskovaniya zhelezorudnogo syr'ya [Thermal technology of iron-ore raw material pelletizing]. Moscow: Metallurgiya, 1970, 344 p. (In Russ.).",10.32339/0135-5910-2024-6-5-16,1970
"Zhao, K.J., and Y. Wu. 2020. Study on evolution characteristics and synergy between high-speed railway network and economic network in Chinas provincial center cities: take provincial center cities for example. East China Economic Management 34 (02): 77–85.",10.1007/s44176-024-00028-9,2020
"Qin, C.L., Y. Zhu, and Z. Zhong. 2014. The impact of high-speed railway network on China’s urbanization pattern. Urban Problems 09: 9–15.",10.1007/s44176-024-00028-9,2014
"Martínez-Cengotitabengoa M, González- Pinto A (2017) Nutritional supplements in depressive disorders. Actas Esp Psiquiatr 45:8–15",10.55544/jrasb.3.2.43,2017
"A. Jamneshan, O. Shalom, and T. Tao, The structure of totally disconnected Host–Kra–Ziegler factors, and the inverse theorem for the 𝑈^{𝑘} Gowers uniformity norms on finite abelian groups of bounded torsion, Preprint, arXiv:2303.04860, 2022.",10.1090/bproc/229,2022
"Latifah, N. (2019). Pola Keberagamaan Masyarakat Islam di Lombok Nusa Tenggara Barat. Jurnal Elkatarie, 2(1), 117–145.",10.1080/23311886.2024.2352915,2019
"Pritchard E, Drew D (1913) Congenital œsophageal stenosis. Proc R Soc Med 6:33–35",10.1007/s00383-024-05652-w,1913
"Sekar KC, Aseesh P, Srivastava S, Giri L (2015) Invasive alien plants of Himachal Pradesh, India. Indian For 141(5):520–527",10.1007/s42965-024-00345-w,2015
"Guillot, A, Nadrowska, E, Collet, C. Using motor imagery to learn tactical movements in basketball. J Sport Behav 2009;32:189.",10.1515/jirspa-2024-0012,2009
"Amin SK, Sibak H, El-Sherbiny S, Abadir M (2016) An overview of ceramic wastes management in construction. Int J Appl Eng Res 11(4):2680–2685",10.1007/s41062-024-01498-2,2016
"7. Çilingiroğlu, N. ve Demirel, S. (2004). “Yaşlılık ve Yaşlı Ayrımcılığı”. Turkish Journal of Geriatrics, 7 (4), 225-30.",10.37989/gumussagbil.1273125,2004
"Xin ZC, Hu HW, Lao ZH, Zhu LQ, Biskup E, Zhang HW. p-CREB-1 at Ser 133 is a potential marker for breast cancer. <italic>Eur Rev Med Pharmacol Sci</italic>. 2020;24:11628-11638.",10.4196/kjpp.2024.28.2.113,2020
"Vinke, K. & Hoffmann, R. Data for a difficult subject: climate change and human migration. Migr. Policy Pract. J. X, 16–22 (2020).",10.1038/s41558-024-02165-1,2020
"Humayun Y, Aslam A, Azeem T, Abid AS, Shah MAA, Munir MT, Umar S. (2015). Toxic effects of lead on biochemical and histological features and their amelioration by vitamin E in Japanese quails (Coturnix coturnix japonica). J. Avian Res., 2015; 1(1): 4-9.",10.26538/tjpps/v3i6.6,2015
"X. Z. Liu, X. C. Ping, Modal analysis and vibration reduction optimization of impact tool crusher[J]. Sci. Technol. Eng. 22(24), 10557–10565 (2022)",10.1007/s41605-024-00498-1,2022
"Johnson, N. A. & Steiner, D. Mountain bike injury. J. Fam. Pract. 45(3), 192–193 (1997).",10.1038/s41598-024-54774-7,1997
"Şen, G., & Ersoy, G. (2017). Evaluating the level of knowledge of a hospital disaster relief team about disaster preparedness. Gümüşhane university journal of health sciences, 6(4), 122-130.",10.35341/afet.1462631,2017
"Tsukimori, H. 2003. Effects of high temperature on the rice production and the technical counter measures in shimane prefecture Japan. Journal of Crop Science 72:434–39.",10.1080/00103624.2024.2440071,2003
"Forma, Paulina. 2012. „Antynomie funkcji rodziny wielodzietnej”. Pedagogika Rodziny, 2(3): 61-72.",10.14746/tim.2024.36.2.22,2012
"Soniewicka Marta, „Autonomia prokreacyjna” Pressje, nr 17 (2009): 50-66.",10.36128/priw.vi49.451,2009
"Y. Huang, C. Cheng, S. Pan, P. Yang, D. Lin and K. Lee, Biomolecules. 9, 1–14 (2019).",10.1080/00268976.2024.2314132,2019
"Stoop, R., Hohenauer, E., Vetsch, T., Deliens, T. & Clijsen, R. Acute injuries in male elite and amateur mountain bikers: Results of a survey. J. Sports Sci. Med. 18(2), 207–212 (2019).",10.1038/s41598-024-54774-7,2019
"Makna, S. P., & Amron, A. (2023). Pengaruh Social Media Marketing, Persepsi Harga, dan Citra Merek Terhadap Loyalitas Pelanggan Simcard Tri. Jurnal Mirai Management, 8(1), 224-233.",10.53088/jmdb.v4i2.1018,2023
"Solichin, M. M. (2012). Kemandirian Pesantren di Era Reformasi. Nuansa, 9(1).",10.47134/ijsl.v5i1.309,2012
"Quinn PJ (Editor), Markey BK, Leonard FC, Fitzpatrick ES, Fanning S, Hartigan PJ. Veterinary Microbiology and Microbial Disease, UK: John Wiley and Sons Ltd; 27: 300-308. 2011.",10.46810/tdfd.1402193,2011
"Fallahi Khoshknab M, Oskouie F, Ghazanfari N, Najafi F, Tamizi Z, Afshani S, Azadi G. The frequency, contributing and preventive factors of harassment towards health professionals in Iran. Int J Commun Based Nurs Midwife. 2015;3(3):156–64.",10.1186/s12909-024-05094-x,2015
"Vagin Yu. E. The Unevenness of Respiratory Rhythm as an Indicator of Emotional Stress. Sechenov Medical J. 2015, no. 2(20), pp. 13–23. (In Russ.)",10.32603/1993-8985-2024-27-4-91-102,2015
"Anggraeni, Y., & Amron, A. (2024). Fore Coffee Dp Mall Semarang (Studi Kasus: Mahasiswa Perguruan Tinggi Swasta Generasi Z Di Semarang). Arthavidya Jurnal Ilmiah Ekonomi, 26(1), 2579–6070.",10.53088/jmdb.v4i2.1018,2024
"Agboola DA, Fawibe OO, Ogunyale OG, Ajiboye AA (2014) Botanical and Protein Sweeteners. J Adv Lab Res Biol 5(4):169–187",10.1007/s11248-024-00389-7,2014
"Akinrotimi OA, Agokei EO, Aranyo AA. Changes in haematological parameters of Tilapia guineensis exposed to different salinity levels. J. Environ Eng. Technol., 2012; 1:4-12.",10.26538/tjpps/v3i6.6,2012
"Shichikawa K, Maeda A, Ogawa N. [Clinical evaluation of sodium hyaluronate in the treatment of osteoarthritis of the knee]. Ryumachi 1983; 23: 280-290",10.5312/wjo.v15.i8.704,1983
"Isnurhadi, I., Adam, M., Sulastri, S., Andriana, I., & Muizzuddin, M. (2021). Bank capital, efficiency and risk: evidence from Islamic banks. The Journal of Asian Finance, Economics and Business, 8(1), 841–850.",10.1080/23322039.2024.2322889,2021
"M. Adel, M.M. Kadhim, H.H. Muttashar, S.K. Hachim, S.A. Abdullaha, and A.M. Rheima, J. Chem. Eng. 40, 1433–1439 (2023).",10.1080/00268976.2024.2314132,2023
"Braithwaite, J. J., Watson, D. G., Jones, R., & Rowe, M. (2013). A guide for analyzing electrodermal activity (EDA) & skin conductance responses (SCRs) for psychological experiments. Psychophysiology, 49(1), 1017–1034.",10.1186/s41239-024-00462-5,2013
"Prince, and George Lopez. 2011. “Prince Interview.” Lopez Tonight, TBS, April 18, 2011.",10.2478/meiea-2024-0005,2011
"Dwivedi, P., & Waoo, A. A. (2020). COMPREHENSIVE REVIEW ON IN VITRO CULTURE AND ANTI CANCEROUS ACTIVITY OF MOMORDICA DIOICA. CIBTech Journal of Biotechnology, 9–9, 1–8.",10.29121/shodhkosh.v5.i6.2024.1841,2020
"Minchev N.D., Minchev N.N., Some Features of Vibrations of an Elastic Rotor with Unbalance. Mechanics of Machines Journal, No. 19, 1997, pp. 66-74.",10.17770/etr2024vol3.8125,1997
"7. Anna Výrost¬ková, Ján Kepič, Roman Macko, and Viera Homolová, ""Degradation of 0.5Cr-0.5Mo-0.25V steel microstructure during exploitation,"" Mater. Eng. - Materiálové inžinierstvo, 18, 73-78 (2011).",10.15407/pcmm2024.05.108,2011
"Karaman K, Bakhytzhan A. Prediction of concrete strength from rock properties at the preliminary design stage. J Geomech Eng. 2020;23(2):115–125.",10.1080/10589759.2024.2363998,2020
Gao H (2006) Decadal variation of the relationship between summer precipitation along the Huaihe River Valley and SST over the equatorial eastern Pacific (in Chinese). J Appl Meteorol Sci 17:1–9,10.1007/s00382-023-07088-9,2006
"Ma R, Wang L, Peng S, et al. cDNA cloning and expression analysis of three components of SCFCOI1 complex in Hevea brasiliensis. J Rubber Res, 2012, 15: 141–152.",10.1360/ssv-2024-0165,2012
"19. Köse, G, Ayhan, H, Taştan, S, İyigün, E, Hatipoğlu, S. ve Açıkel C.H. (2015). “Sağlık Alanında Farklı Bölümlerde Öğrenim Gören Öğrencilerin Yaşlı Ayrımcılığına İlişkin Tutumlarının Belirlenmesi”. Gülhane Tıp Dergisi, 57, 145-151.",10.37989/gumussagbil.1273125,2015
"Kumar, R., & Saha, P. (2022). A review on artificial intelligence and machine learning to improve cancer management and drug discovery. International Journal for Research in Applied Sciences and Biotechnology, 9(3), 149-156.",10.55544/jrasb.3.2.43,2022
"M. A. Harjianto and D. Kurniawati, “Pengaruh Keterlibatan Pekerjaan, Konflik Pekerjaan-Keluarga Dan Stres Kerja Terhadap Kepuasan Kerja pada Karyawan Wanita Rumah Sakit,” vol. 07, no. 01, 2019.",10.21070/acopen.9.2024.7875,2019
"Yingxun, W., Zongji, C., Genetic algorithms (GA) based flight path planning with constraints, J. Beijing Univ. Aeronaut. Astronaut.(China), 25(3), 355-358, 1999.",10.17341/gazimmfd.1156817,1999
"Dickenson P B. Electron microscopical studies of the latex vessel system of Hevea brasiliensis. J Rubb Res Inst Malaya, 1969, 2: 543–559.",10.1360/ssv-2024-0165,1969
"Patel, A. R., M. L. Patel, R. K. Patel, and B. M. Mote. 2019. Effect of different sowing date on phenology, growth and yield of rice – a review. Plant Archives 19:12–16.",10.1080/00103624.2024.2440071,2019
"Applegate, K. E. & Spiegel, P. K. Ulnar artery occlusion in mountain bikers. J. Sports Med. Phys. Fit. 35(3), 232–234 (1995).",10.1038/s41598-024-54774-7,1995
"Patel, V. & Anikar, M. Prosthetic fixation of beak in a green cheek conure (Pyrrhura molinae) using telemedicine. Pharma Innov. J. 10(1), 585–588 (2021).",10.1038/s41598-024-58762-9,2021
"15. L. M. Svirska, H. V. Krechkovska, and O. Z. Student, ""Cyclic crack resistance of 12Kh1MF steel of various tension zones of TPP steam pipe after long-term operation,"" Visnyk Ternopilskogo Natsionalnogo Universytetu [in Uktainian], Is. 4, 27-34 (2015).",10.15407/pcmm2024.05.108,2015
Sarn .K.S & Bhambri .E (2018) . Exploring gender differences in sleep quality and aggression: A comparative study. Int J Appl Res;4(11):293-296.,10.55860/fyhdb993,2018
"Bian, Y.C., L. Wu, and J. Bai. 2019. Does High-speed Rail Improve Regional Innovation in China? Journal of Financial Research 06: 132–149.",10.1007/s44176-024-00028-9,2019
"Madaan, R., Gyde, N., Vemprala, S., Brown, M., Nagami, K., Taubner, T., Cristofalo, E., Scaramuzza, D., Schwager, M., Kapoor, A., Airsim drone racing lab, NeurIPS 2019 Competition and Demonstration Track, PMLR, 177-191, 2020.",10.17341/gazimmfd.1156817,2019
"Barlas Z, Ozsarac U. Effects of FSW parameters on joint properties of AlMg3 alloy. Weld J. 2012;91(1):16S–22S.",10.1080/01694243.2024.2432392,2012
"Erdoğan, N. (2000). Devleti idare etmek: maduniyet ve düzenbazlık. Toplum ve Bilim Dergisi, 83, 8-31.",10.30561/sinopusd.1469956,2000
"Pan-cancer analysis of whole genomes, Nature 578(7793) (2020) 82-93.",10.1016/j.critrevonc.2024.104349,2020
"Gao JF, Liu CS. 2010. Overview of research on the medicinal resources of conman Magnolcavine fruit. Guide China Med. 8:66–69.",10.1080/23802359.2024.2437099,2010
"Wroński Konrad, Roman Bocian, Adam Depta, Jarosław Cywiński, Adam Dziki, „Opinie pacjentów na temat modelu paternalistycznego w relacji lekarz-pacjent. Prawne aspekty autonomii pacjenta w opiece zdrowotnej” Nowotwory. Journal of Oncology, nr 4 (2009): 266-273.",10.36128/priw.vi49.451,2009
"Mohamed RA, Abdelsalam EB. A review on Pneumonic Pasteurellosis (Respiratory Mannheimiosis) with emphasis on pathogenesis, virulence mechanisms and predisposing factors. Bulg J Vet Med. 2008; 11 (3): 139-60.",10.46810/tdfd.1402193,2008
"Rivero, María Luisa, 2010. «Los verbos psicológicos con experimentante dativo en español y el cambio histórico», Cuadernos de la ALFAL, 1, 167–193.",10.4000/12zjw,2010
"Chen YL, Tan JJ, Lu LL, Tan CH, Jiang SH, Zhu DY. Water-soluble constituents of Clerodendranthus spicatus. Chin Tradit Herbal Drugs. 2009;40(5):689–693.",10.1080/14756366.2023.2296355,2009
"Mariano, K. L. P., A. María Suárez Romero, C. Correa Neto Ribeiro. 2015. “Percepções governamentais sobre a integração regional na América do Sul.” Boletim de Economia e Política Internacional, no. 21: 33–43.",10.1080/08263663.2024.2344316,2015
"Prasad, A., & Prasad, P. (1998). “Everyday struggles at the workplace: The nature and implications of routine resistance in contemporary organizations.” Research in the Sociology of Organizations, 15, 225-257.",10.30561/sinopusd.1469956,1998
"Savchenko V. V., Suzdaltsev D. A., Korolev V. A., Komrakov D. Yu. Comparative Analysis of Contact and Noncontact Technologies for Human Physiological State Monitoring. Biotechnosphere. 2014, no. 1–2 (31–32), pp. 18–23. (In Russ.)",10.32603/1993-8985-2024-27-4-91-102,2014
"Hemid AFA, Abd El-Gaward AH, El-Wardany I, El-Daly EF, Abd El-Azeem NA. Alleviating effects of some environmental stress factors on productive performance in Japanese quail laying performance. World J. Agric Sci., 2010; 6:517–524.",10.26538/tjpps/v3i6.6,2010
"Park, M. K., 2020, Prediction for habitat possibilities of potential risk species (Amphibians) using bio-climate in Korea National Park, Journal of National Park, 11(1), 32-34.",10.5322/jesi.2024.33.11.863,2020
"Aibinu I, Adenipekun T, Adelowotan T, Ogunsanya T, Odugbemi T. Evaluation of the antimicrobial properties of different parts of Citrus aurantifolia (lime fruit) as used locally. Afr J Traditional Complement Altern Med. 2007;4(2):185.",10.1186/s13065-024-01162-x,2007
"Chen, H.; Yang, G.; Liao, X.; Bao, Z.; Zhan, X. Crystal Structure and Anti-lung Cancer Activity of Novel Pyran Derivatives from Traditional Chinese Medicine. Lat. Am. J. Pharm. 2018, 37, 359–362.",10.1515/ncrs-2024-0344,2018
"[28] M. Shimomura, Biomimetics in anthropocene: Towards empathetic “Unwelt”, J. Soc. Instrum. Control Eng. 61 (2022) 4–8 (in Japanese).",10.4164/sptj.61.213,2022
Khan Z (2016) An exploration of prisoners’ perceptions of the incentives and earned privileges scheme: The role of legitimacy. Prison Service Journal 227: 11–16.,10.1177/14773708241255513,2016
"Dubovik, V. & Cheshkov, A. Multipole expansion in classical and quantum field theory and radiation. Sov. J. Part. Nucl. 5, 318 (1975).",10.1038/s41598-024-66848-7,1975
"27. İşcan A. ve Evcimen H. (2018). “Yaşlı Bakım Programı Öğrencilerinin Yaşlı Ayrımcılığına İlişkin Tutumlarının Belirlenmesi”. İnönü Üniversitesi Sağlık Hizmetleri Meslek Yüksekokulu Dergisi, 6 (2), 14-24.",10.37989/gumussagbil.1273125,2018
"Konate, K., N’ganzoua, R.K., Bizro, G.F., Bakayoko, S., Camara, M., 2022. Effet de différentes doses de compost de fiente de poulet sur la fertilité des sols et les paramètres agronomiques de la laitue (Lactuca sativa L.). Agron. Afr. 34(1), 117–131.",10.1016/j.jssas.2024.08.005,2022
"Zhang S, Tian W. Cross talk between cytokinin and jasmonates in regulating the secondary laticifer differentiation in rubber tree (Hevea brasiliensis Muell. Arg.). J Rubber Res, 2015, 18: 38–48.",10.1360/ssv-2024-0165,2015
"Cam D. H., Phuong N., Tri L. D. Potential of kaolin in the Northeast region and its use in industries. Journal of Geology. 2006;A/297:30–37. (In Vietnamese)",10.17073/2500-0632-2023-12-189,2006
"Kang C, Xia Q, Zhang B (2004) Review of power system load forecasting and its development. Autom Elect Power Syst 28(17):1–11",10.1007/s11227-024-06485-z,2004
"Micheli, Robin. 2016. “The Fight for His Artistic Rights.” People, May 2016: 58.",10.2478/meiea-2024-0005,2016
"Emeje, M. O., Ofoefule, S.I., Nnaji, A.C., Ofoefule, A.U., and Brown, S.A. . (2010). Quantitative determination of potassium bromate and lead. African Journal of Food Science,, 4(6): , 394-397.",10.21048/ijnd.2024.61.1.34925,2010
"Hadj Y.; Abbache A.; Sid A.M.; Abdelouahed T.; Muzamal H.; Nonlinear damping and forced vibration analysis of laminated composite plates with composite viscoelastic core layer. Steel Compos Struct 2022,44,91-104",10.2174/0126661454308143240529060134,2022
"[1] K. Tsurumi, Fujitsubo yoshoku gijyutu no kaihatsu, Yutakanaumi 40 (2016) 3–7 (in Japanese).",10.4164/sptj.61.213,2016
"Demissie T, Dawo F, Sisay T. Biochemical and antigenic characterization of Mannheimia, pasteurella and Mycoplasma species from naturally infected pneumonic sheep and goats, Bishoftu, Ethiopia. AJBAS. 2014; 6 (6): 198-204.",10.46810/tdfd.1402193,2014
"Souza A, Lamidi M, Ibrahim B, Aworet S, Boukandou M, Batchi B. Antihypertensive effect of an aqueous extract of Citrus aurantifolia (Rutaceae)(Christm.) Swingle, on the arterial blood pressure of mammal. Int Res Pharm Pharmacol. 2011;1(7):142–8.",10.1186/s13065-024-01162-x,2011
"Özbey G, Muz A. Pnömonili Koyun ve Keçilerin Akciğerlerinden Aerobik Bakteri izolasyonları ve İzole Pasteurella multocida ve Mannheimia haemolytica’nın Polimeraz Zincir Reaksiyonu ile Saptanması. Turk J Vet Anim Sci. 2004; 28: 209-16.",10.46810/tdfd.1402193,2004
Rozhavin MA. [Biological properties of melanin (Pseudomonas aeruginosa)]. Zh Mikrobiol Epidemiol Immunobiol. 1983;1:45–47.,10.1080/15476286.2024.2431781,1983
"Sansone RA, Sansone LA. Physician grief with patient death. Innov Clin Neurosci. 2012;9(4):22-6.",10.1007/s11606-024-08702-0,2012
"Tri L. Đ., Phuong N., Toan N .T. Vietnam’s kaolin potential and orientation for exploration and exploitation to serve socio-economic. Journal of Geology. 2008;A/307:7–8. (In Vietnamese)",10.17073/2500-0632-2023-12-189,2008
"H. Chen, G. Mi, P. Li, X. Wang, X. Huang, and C. Cao, J. Mater. Eng. 47, 38 (2019).",10.1007/s11837-024-06421-9,2019
"Giddens, A. The Constitution of Society Willey, Oxford, ISBN: 0745665284, 9780745665283, 1984.",10.11648/j.ijp.20241202.13,1984
"Charan PD, Singh M (2018) Invasive alien species of flora of the thar desert of Bikaner division, Rajasthan. J Emerg Technol Innovative Res 5(4):568–572",10.1007/s42965-024-00345-w,2018
"[6] IMO Resolution A.895(21), Anti-fouling systems used on ships (1999).",10.4164/sptj.61.213,1999
"Oswal, S. K., & Melonçon, L. (2017). Saying no to the checklist: Shifting from an ideology of normalcy to an ideology of inclusion in online writing instruction. WPA: Writing Program Administration, 40(3), 61--77.",10.1145/3563890.3713035,2017
"Rahma Bachtiar, Farahdiba. 2014. “Pemilu Indonesia: Kiblat Negara Demokrasi Dari Berbagai Refresentasi.” Jurnal Politik Profetik 3(1).",10.24815/jsu.v18i1.39337,2014
"X.W. Zheng, D.Z. Xia, Y. Zhang, Inhibitory effect on xanthine oxidase and antioxidant activity of total flavonoids from Prunus mume flowers, Science and Technology of Food Industy 32 (11) (2011) 168-170+173.",10.1016/j.microc.2024.110475,2011
"Yılmaz, N., Gencer, C., Integration of sensor vision capabilities on UAV flight route optimization: a linear model and a heuristic algorithm proposal, Journal of the Faculty of Engineering and Architecture of Gazi University, 34, 2019.",10.17341/gazimmfd.1156817,2019
"Cruz, G. M. 2011. “La integración andina: Origen, transformaciones y estructuras.” Revista Integración y Comercio 15 (33): 35–46.",10.1080/08263663.2024.2344316,2011
"Lukasiewicz, J. Tarski, Untersuchungen iiber Aussagenkalkiil C. R Societe de Sctences et Varsovie, cl. iii 23, 1930.",10.11648/j.ijp.20241202.13,1930
"Nasrine B.; Fouad B.; Abdelmoumen A.B.; A refined quasi-3D theory for stability and dynamic investigation of cross-ply laminated composite plates on Winkler-Pasternak foundation. Struct Eng Mech 2023,85,433-443",10.2174/0126661454308143240529060134,2023
"Drapkina Oksana Mikhailovna, Gegenava Badri Borisovich, Morgunova Tatyana Borisovna, Fadeev Valentin Viktorovich Study of hypothyroidism on the cardiovascular system // Endocrinology: News. Opinions. Education. 2016.№2(15).",10.21886/2712-8156-2024-5-2-48-57,2016
"E. Di Valentino, A. Melchiorri, O. Mena, S. Vagnozzi, Interacting dark energy in the early 2020s: a promising solution to the $$H_0$$ and cosmic shear tensions. Phys. Dark Universe 30, 100666 (2020). arXiv:1908.04281 [astro-ph.CO]",10.1140/epjc/s10052-024-12613-z,2020
"Sun S, Wang N, Sun Z, Wang X, Cui H. MiR-5692a promotes proliferation and inhibits apoptosis by targeting HOXD8 in hepatocellular carcinoma. J BUON. 2019;24(1):178–86.",10.1186/s12885-024-11881-y,2019
"Dukiet-Nagórska Teresa, „Świadoma zgoda pacjenta w ustawodawstwie polskim” Prawo i Medycyna, nr 6/7 (2000): 78-95.",10.36128/priw.vi49.451,2000
"S. Mongkolrat, C. Palanuvej, and N. Ruangrungsi, J. Health Res., 27, 67 (2013).",10.1007/s10600-024-04467-4,2013
"Salman, A., & Munir, N. (2012). Choice between debt and equity and its impact on business performance. International Journal of Organizational Innovation, 5(1), 284–295.",10.1080/23322039.2024.2322889,2012
"36. Çunkuş, N, Yiğitoğlu, G.T. ve Akbaş, E. (2019). “Yaşlılık ve Toplumsal Dışlanma”. Geriatrik Bilimler Dergisi, 2 (2), 58-67.",10.37989/gumussagbil.1273125,2019
"Zakki, M., Christiananta, B., & Koesmono, H. T. (2016). Influence of Strategic, Spiritual and Entrepreneurial Leadership of the Kiai to the Santri’s Work Satisfaction and to the Jihad (Performance) of Santripreneur at the Entrepreneurial Pesantren in East Java Province. Academic Research International, 7(5).",10.47134/ijsl.v5i1.309,2016
"Gülaydın Ö, Gürtürk K. İdentification of Pasteurella multocida strains isolated from respiratory tract of healthy and diseased cattle and determination of capsular types by PCR in Van Region. Van Vet J. 2018; 29 (3): 143-6.",10.46810/tdfd.1402193,2018
"Shukla, R., Iliev, I. and Goyal, A. (2014) Leuconostoc mesenteroides NRRL B-1149 as probiotic and its dextran with anticancer properties. J. Bio. Sci. Biotechnol., 3(1): 79–87.",10.14202/vetworld.2024.829-841,2014
"He C, Zhang Z, Wang Z, Shi K (2020) Water retention characteristics of Sphagnum and their relationship with soil nutrient content in the peatland of Maruo, Upland Guizhou. Plant Sci J 38:618–626",10.1007/s00248-024-02355-6,2020
"Bozok, N. (2011). Biyoiktidara Özgü Bir Özne(l)leşme Pratiği Olarak Popüler Sağlıklı Yaşam Söylemi, Toplum ve Bilim, Birikim Yayınları, 122, 37-52.",10.30561/sinopusd.1469956,2011
"Gorton D, Carter J, Cvjetan B, Ni MC. Healthier vending machines in workplaces: both possible and effective. N Z Med J. 2010;123(1311):43–52.",10.1186/s12916-024-03663-x,2010
"CARRIZO, E. DEL V., M. O. PALACIO, & L. D. ROIC (ex aequo). 2005. Uso medicinal de algunas especies nativas en Santiago del Estero (República Argentina). Dominguezia 21: 25-32.",10.31055/1851.2372.v59.n1.40763,2005
"Asadi-Shekaari M, Kalantaripour TP, Nejad FA, et al (2012) The anticonvulsant and neuroprotective effects of walnuts on the neurons of rat brain cortex. Avicenna J Med Biotechnol 4:155",10.55544/jrasb.3.2.43,2012
"Abioye AA, Ojediran TK, Emiola IA. Fermented African yam bean (Sphenostylis stenocarpa) and pigeon pea (Cajanus cajan) seed meals: Effect of residual anti-nutrients on the blood profile, organ weight and carcass characteristics of broiler chickens. IOSR J. Agric. Vet. Sci. (IOSR-JAVS), 2007; 10(12), 1-7.",10.26538/tjpps/v3i6.6,2007
"Luciano, L. & Reale, E. A new cell type (‘brush cell’) in the gall bladder epithelium of the mouse. J. Submicrosc. Cytol. 1, 43–52 (1969).",10.1038/s41598-024-69287-6,1969
"Zaghloul KH, Omar WA. Abo-Hegab S. Environmental hazard risk assessment on Oreochromis niloticus and Tilapia zillii fish. J. Egypt. Ger. Soc. Zool., 2005; 46:105-139.",10.26538/tjpps/v3i6.6,2005
"Shrivastava, S. L., and S. Bal. 1989. Effectiveness of a rice polisher. Standards India 3:156–59.",10.1080/00103624.2024.2440071,1989
"9.Ambika Dutta Shastri, Sushruta Samhita with Elaborat-ed Ayurveda Tatva Sandipika Hindi Commentary, Reprint. Varanasi: Choukhambha Sanskrit Sansthan, Sharir Sthan 5/24, 2011",10.46607/iamj0312112024,2011
"E. Di Valentino et al., Cosmology intertwined III: $$f\sigma _8$$ and $$S_8$$. Astropart. Phys. 131, 102604 (2021). arXiv:2008.11285 [astro-ph.CO]",10.1140/epjc/s10052-024-12613-z,2021
"Yılmaz, A. (2019). Investigation with mixed research approach of career stresses of teacher candidates. The Journal of Turkish Sport Science, 2 (1), 93-105.",10.69918/ejte.1558103,2019
"Dongmo PMJ, Tchoumbougnang F, Boyom FF, Sonwa ET, Zollo PHA, Menut C. Antiradical, antioxidant activities and anti-inflammatory potential of the essential oils of the varieties of Citrus limon and Citrus aurantifolia growing in Cameroon. J Asian Sci Res. 2013;3(10):1046–57.",10.1186/s13065-024-01162-x,2013
"Wang, Y.F., and P. Ni. 2016. Economic growth spillover and spatial optimization of high-speed ralway. China Industril Economics 2: 21–36.",10.1007/s44176-024-00028-9,2016
"H. C. Da Silva, A. L. A. B. Leal, M. M. De Oliveira, H. M. Barreto, H. D. M. Coutinho, H. S. Dos Santos, G. M. P. Santiago, T. S. De Freitas, I. K. C. Lima, A. M. R. Teixeira, and C. E. S. Nogueira, S. Afr. J. Bot., 132, 140 (2020).",10.1007/s10600-024-04467-4,2020
"12. Kumar, D.A.; Dharmendra, S.; Jhansee, M.; Shrikant, N. Development and characterization of chitosan nanoparticles. Int. Res. J. Pharm. 2011, 2, 145-51.",10.58985/jpam.2024.v02i02.22,2011
"Korotich V. I., Frolov Yu. A., Kaplun L. I. Teoreticheskie osnovy tekhnologii okuskovaniya metallurgicheskogo syr'ya. Aglomeratsiya [Theoretical foundations of the technology of agglomeration of metallurgical raw materials. Agglomeration]. Ekaterinburg: GOU VPO “UGTU–UPI”, 2009, 416 p. (In Russ.).",10.32339/0135-5910-2024-6-5-16,2009
"Molau, U. (1988). Scrophulariaceae-part I. Calceolarieae. Flora Neotropica, 47, 1–326.",10.1007/s11692-024-09639-2,1988
"Eyice, Semavi. (1989). Andre Chenier’in Doğduğu Ev Hakkında. Tarih ve Toplum, 12(77), s. 52–56.",10.61742/sanatyazilari.1378397,1989
"7.Ambika Dutta Shastri, Sushruta Samhita with Elaborat-ed Ayurveda Tatva Sandipika Hindi Commentary, Reprint. Varanasi: Choukhambha Sanskrit Sansthan, Sharir Sthan 5/20, 2011",10.46607/iamj0312112024,2011
"Chuluun B, Mariana A, Ho T, Mohd Kulaimi B (2005) Research Note A preliminary survey of ectoparasites of small mammals in Kuala Selangor Nature Park. Trop Biomed 22:243–247",10.1186/s43088-024-00481-1,2005
"Fisher CW, Berliner DC, Filby NN, et al. (1981, Winter) Teaching behaviors, academic learning time, and student achievement: An overview. The Journal of Classroom Interaction 17(1): 2–15.",10.1177/14639491241266331,1981
"Ghosh, M., Fraser, D. A. S., and Reid, N. (2010). Ancillarity statistics: A review. Statistica Sinica, 20, 1309–1322.",10.1007/s13171-024-00359-5,2010
"Y. Liu, Z. Chen, T. Jin, and L. Chai, Mater. Rep. 32, 1863 (2018).",10.1007/s11837-024-06421-9,2018
"Frege, G. Begriffsschrift ‎ (Amazon, Lubrecht & Cramer ltd, New York, ed. 2, ASIN: ‎ 3487006235, 1995.",10.11648/j.ijp.20241202.13,1995
"L. Heisenberg, H. Villarrubia-Rojo, J. Zosso, Can late-time extensions solve the H0 and $${\sigma }8$$ tensions? Phys. Rev. D 106, 043503 (2022). arXiv:2202.01202 [astro-ph.CO]",10.1140/epjc/s10052-024-12613-z,2022
"Liu Q..(2018) Indicator control in TOD planning and management of rail station areas.Planners,34(1):48–58",10.1051/e3sconf/202451201001,2018
"11. Yıldız, R, Ömeroğlu, G. ve Terim, N. (2017). “Yaşlı Penceresinden Yaşlı Ayrımcılığı”. Ahi Evran Üniversitesi Sosyal Bilimler Enstitüsü Dergisi, 3 (2), 313-329.",10.37989/gumussagbil.1273125,2017
"Mironov, O. G., O. P. Poltarukha, and Yu. L. Kovalchuk, 2010: Seasonal dynamics of virus-like particles and nucleic acids in water and bottom sediments of the Sevastopol Bay of the Black Sea. Water: Chemistry and Ecology, 2, 27–30.",10.29006/1564-2291.jor-2024.52(1).7,2010
Tweedle MF. Gadopentetate dimeglumine: an overview of a new magnetic resonance imaging contrast agent. Invest Radio. 1992;27(1):S2-6.,10.33590/emj/zrvn2069,1992
"Karataş, L., Alptekin, A., & Yakar, M. (2022). Creating Architectural Surveys of Traditional Buildings with the Help of Terrestrial Laser Scanning Method (TLS) and Orthophotos: Historical Diyarbakır Sur Mansion. Advanced LiDAR, 2(2), 54–63.",10.21834/e-bpj.v9i30.6235,2022
"Safty, A. 2003. Moral leadership: Beyond management and governance. Harvard International Review 25: 84–89.",10.1007/s11673-024-10337-z,2003
"3. Kubat Bakır, G. ve Akın, S. (2019). “Yaşlılıkta Kronik Hastalıkların Yönetimi İle İlişkili Faktörler”. Sağlık ve Toplum, 19 (2), 17-25.",10.37989/gumussagbil.1273125,2019
"[19] M. Tasdemir and U. Yerleşen, “Study on the friciton and wear behaviors of modified hdpe/glass spheres composites,” Romanian Journal of Materials, vol. 45, no. 1, pp. 59-66, 2015.",10.29130/dubited.1184670,2015
"5. Yu. Tkachuk, and O. Student, ""Assessment of blade 20X13 steel degradation after operation in a steam turbine by crack resistance,"" Mashynoznavstvo [in Ukrainian], Is. 1-2, 37-43 (2011).",10.15407/pcmm2024.05.108,2011
"Zhang D, Yu X, Zhang S, Duan M (2021) Effect of circular RNA has_circ_0070421 on replication of influenza A virus. Chin J Vet Sci 41(5):944–949",10.1007/s00430-023-00784-7,2021
"Yoon I. B., Kim. J. I., Yang. S. Y., 1998, Study on the food habits of Rana nigromaculata Hallowell and Rana plancyi chosenica Okada (Salientia; Ranidae) in Korea, Korean Journal of Environmental Biology, 16(2), 69-76.",10.5322/jesi.2024.33.11.863,1998
"Yuan B, Chen K, Bowler J M, Ye S (1990). The formation and evolution of the Qinghai lake. Quaterern Sci, 3: 233–243",10.1007/s11707-022-1054-6,1990
"Wang H, Wu L, Xue D, Liu X, Hong L, Mou L, Li X (2020) Distribution and environmental characteristics of Sphagnum peat bogs in Taishanmiao in Enshi City, Hubei Province. Wetland Sci 18:266–274",10.1007/s00248-024-02355-6,2020
"Xu, K.N., F. Chen, and X. Liu. 2015. The authenticity of China’s economic growth: an examination based on global night light data. Economic Research Journal 50 (09): 17–2957.",10.1007/s44176-024-00028-9,2015
"AOSA, 1990. Rules for testing seeds. J. Seed Technol., 12, 1–112.",10.1016/j.jssas.2024.08.005,1990
"Bayraktar, O., Özdemir, F., Çetin, Ö., Yılmaz, G., İnsansız Hava Araçları İçin Otonom İniş Sistemi Simülatörü Tasarımı, Bilişim Teknolojileri Dergisi, 5(2), 1-8, 2012.",10.17341/gazimmfd.1156817,2012
"Zhang C M, Zhu R, Yin T J and Yin Y S (2015). Advances in fan deltaic sedimentology. Xinjiang Petrol Geol, 36(3): 110–116",10.1007/s11707-022-1054-6,2015
"Ibne Sina, A. Al- Mantegh Alshefa, ebrahim bioohi, maktab al marashi, Ghom, Iran, ed. 1, p. 327, 1985.",10.11648/j.ijp.20241202.13,1985
"14. Müftüler, H. G. (2018). “Modern Toplumda Yaş ve Yaşlı Ayrımcılığı”. Türkiye Sosyal Hizmet Araştırmaları Dergisi, 2 (2), 181-214.",10.37989/gumussagbil.1273125,2018
K. Bastmeijer De Juridische Status van de Europese Steur (Acipenser sturio) en de Positie van Nederland (The Legal Status of the European Sturgeon (Acipenser sturio) and the Position of the Netherlands (with English summary)): Een onderzoek in opdracht van ARK Natuurontwikkeling en het Wereldnatuurfonds Nederland. 83 (2019).,10.1016/j.marpol.2024.106056,2019
"Huang, H., Xu, Y.-P., Deng, Z.-W., Real-time visual flight simulation system based on flightgear simulator, Journal of System simulation, 19(19), 780-785, 2007.",10.17341/gazimmfd.1156817,2007
"Certel Z & Kozak M. (2017) The Examination of Relationships between Academic Self-Efficacy, Academic Procrastination, and Locus of Academic Control of Athletes in Different Sports. Sport J., 19, 1 - 10.",10.55860/fyhdb993,2017
"Agrawal R, Mehta SC (2007) Weather based forecasting of crop yields, pests and diseases-IASRI models. J Ind Soc Agril Statist 61(2):255–263",10.1007/s00484-024-02829-9,2007
"Öztürk D, Çorlu M. Pnömonili Koyun akciğerlerinden izole edilen bakteriler ve antibiyotik duyarlılıkları. Vet. Bil. Derg. 2006; 22 (1-2): 59-63",10.46810/tdfd.1402193,2006
"Quine, W. V. O. 1998. “Reply to White,” The Philosophy of W. V. Quine, 2nd ed., (LaSalle, Illinois: Open Court Publishing, 663–665, 1988).",10.1163/18758185-bja10087,1998
"Shenhav, Y. 2005. “On Hybridization and Purification: Orientalism as a Broad Margined Discourse.” Theory and Criticism 26: 5–11. (in Hebrew)",10.1080/1472586x.2024.2352305,2005
"Quinn, Michael, ‘Jeremy Bentham on Physical Disability: A Problem for Whom?,' Review of Disability Studies (8.4 (2014)",10.4000/129mo,2014
"de Oteiza, M.B.M., Kalla, S., Conde, S.: Un estudio sobre la función Lommel-Maitland. Rev. Téc. Fac. Ing., Univ. Zulia 9(2), 33–40 (1986)",10.1186/s13660-024-03108-2,1986
"G Herzberg Infrared and Raman Spectra of Polyatomic MolecNEes, (New York: Van Nostrand-Reinhold) p 632 (1945)",10.1007/s12648-024-03221-4,1945
"Sale JEM, Gignac M, Hawker G. The relationship between disease symptoms, life events, coping and treatment, and depression among older adults with osteoarthritis. J Rheumatol. 2008;35(2):335–42.",10.1007/s12672-024-01642-5,2008
"S. Rajesh and V.J. Badheka, Proc. Inst. Mech. Eng. Part L J. Mater. Des. Appl. 233, 1053 (2017).",10.1007/s11837-024-06421-9,2017
"L. Bar, N. Sochen, Unsupervised Deep Learning Algorithm for PDE-based Forward and Inverse Problems, ArXiv abs/1904.05417 (2019).",10.1016/j.pacs.2024.100601,1904
"Wani, S. A., S. Qayoom, M. A. Bhat, A. A. Sheikh, T. A. Bhat, and S. Hussain. 2017. Effect of varying sowing dates and nitrogen levels on growth and physiology of scented rice. Oryza 54:97–106.",10.1080/00103624.2024.2440071,2017
"Arrell, R. (2020). No love drugs today. Philosophy and Public Issues, 10(3), 45–60.",10.1007/s44204-024-00222-2,2020
"Ali MY, Abdur RK, Shakoori AR. Haematological and biochemical responses of blood of an endangered South Asian fresh water fish Tor putitora against aquatic pollution. Pak. J. Zool., 2008; 40(2):123-134",10.26538/tjpps/v3i6.6,2008
"Spreeuwenberg, L., & Schaubroeck, K. (2020). The non-individualistic and social dimensions of love drugs. Philosophy and Public Issues, 10(3), 67–92.",10.1007/s44204-024-00222-2,2020
"Deüelle Lüski, A. 2001. “Rhizomatic Thinking.” Resling 8: 11–26. (in Hebrew)",10.1080/1472586x.2024.2352305,2001
Runge VM et al. Gadolinium: potential radiographic contrast agent. American Journal of Roentgenology. 2015;145(1):74-8.,10.33590/emj/zrvn2069,2015
"Song C H, Fang X M, Shi Y M, Wang X M (2000). Characteristics and genesis of eolian dunes on the west bank of Qinghai Lake. China Desert, 20(4): 443–446",10.1007/s11707-022-1054-6,2000
"He, L.Y., and D. Tao. 2020. Measurement of the lmpact of high-speed rail opening on knowledge spillover and urban innovation level. Journal of Quantitative & Technological Economics 37 (02): 125–142.",10.1007/s44176-024-00028-9,2020
"Trayes KP, Cokenakes SEH. Breast cancer treatment. Am Fam Phys. 2021;104(2):171–8.",10.1007/s12672-024-01642-5,2021
"Bondarenko A. V., Gerasimenko A. A. (2005). About one algorithm for fuzzy search of named components in specialized databases. Vestnik komp'yuternyh i informatsionnyh tekhnologiy, 12(8), 29 – 34. [in Russian language]",10.14489/vkit.2024.06.pp.003-013,2005
"Uz Baş, A., & Kabasakal, Z. (2013). Despair across teacher candidates and percieved social support. Journal of Research in Education and Teaching, 2 (1), 19–26.",10.69918/ejte.1558103,2013
"T. D. Thang, D. N. Dai, T. M. Hoi, and I. A. Ogunwande, Nat. Prod. Comm., 8, 239 (2013).",10.1007/s10600-024-04467-4,2013
"Yu, G.H. 2022. High-speed railway, technological innovation and spatial equilibrium of economy: interpretation of a three sector new economic geography model. Inquiry Into Economic Issues 09: 99–116.",10.1007/s44176-024-00028-9,2022
"Sun, W.Z., D. Niu, and G. Wan. 2022. Transportation infrastructure and lndustrial structure upgrading: evidence from China’s high-speed railway. Journal of Management World 38 (03): 19–34+58+35-41.",10.1007/s44176-024-00028-9,2022
"Siami-Namini, Sima (2017) Granger causality between exchange rate and stock price: a Toda Yamamoto approach, 7 (4), 603-607.",10.1016/j.najef.2023.102068,2017
"Kıvanç, Ö.C., Mungan, T.E., Atila, B., Tosun, G., An integrated approach to development of unmanned ground vehicle: design, analysis, implementation and suggestions, Journal of the Faculty of Engineering and Architecture of Gazi University, 34(4), 1957-1973, 2019.",10.17341/gazimmfd.1156817,1957
"Casey C, Slawson DC, Neal LR (2010) Vitamin D supplementation in infants, children, and adolescents. Am Fam Physician 81:745–748",10.55544/jrasb.3.2.43,2010
"Singh KP, Shukla AN, Singh JS (2010) State-level inventory of invasive alien plants, their source regions and use potential. Curr Sci 99(1):107–114",10.1007/s42965-024-00345-w,2010
"Tharmaratnam T, Premachandra J. Investigation on the use of coconut shell powder replacing carbon black as filler in natural rubber. Tech Session-Sci Technol. 2015:44.",10.1080/19475411.2024.2408013,2015
"Wu Y, Zhang T, Zhang Z, Cui H (2010). Types and characteristics of depositional systems tract and its petroleum geological significance. Journal of Palaeogeography, 12(1): 69–81",10.1007/s11707-022-1054-6,2010
"Hardacre, B., Hafner, A., & Nakama, P. (2021). The Impact of Test Anxiety on Teacher Credential Candidates. Teacher Education Quarterly, 48 (3), 7–28.",10.69918/ejte.1558103,2021
"Baudouin de Courtenay, J. (1903). O psychicznych podstawach zjawisk językowych. Przegląd Filozoficzny 6, z. 2, 153–171.",10.28925/2412-2491.2024.224,1903
"Schmidt E., Schmidt F. W. (1963). Determine of serum glutamic oxaloacetic and glutamic pyruvic transaminase. Biol. Clin. 1963; 3: 1.",10.26538/tjpps/v3i6.6,1963
"Roshan, K. (2020). Priya damwani, Shivam kumar, Adarsh suman, Suthar Usha. An overview on health benefits and risk factor associated with coffee. International Journal Research and Analytical Review, 7(2), 237-249.",10.55544/jrasb.3.2.43,2020
"Fatima B.; Mohamed S.; Mahmoud M.S.S.; Effect of visco-Pasternak foundation on thermo-mechanical bending response of anisotropic thick laminated composite plates. Steel Compos Struct 2023,47,693-707",10.2174/0126661454308143240529060134,2023
"Zhang, H.M., and T. Sun. 2022. How does high-speed railway (HSR) impact the industrial distribution and structural change between HSR cities and surrounding cities? A mechanism analysis based on spatial econometric models. Industrial Economics Research 06: 1–13.",10.1007/s44176-024-00028-9,2022
"Kush A. Isoprenoid biosynthesis: the Hevea factory. Plant Physiol Bioch, 1994, 32: 761–767.",10.1360/ssv-2024-0165,1994
"Haichour, S. and Benabdeli, K. 2022. Algeria's forest ecosystem in the face of anthropogenic and climatic pressures. Geo-Eco-Trop 46(1):109-124.",10.15243/jdmlm.2024.113.5695,2022
"Ojediran TK, Emiola IA. Consequences of defattening and cooking on the proximate and mineral composition of Jatropha curcas Kernel Meal. Int. J. Phytofuels Allied Sci., 2012; 1(1):27-34",10.26538/tjpps/v3i6.6,2012
"SHAFQAT ZAIDI, R. K. M., TYAGI, S., & Dubey, R. K. A. (2021). Effect of Kalahari Cactus Extract on Appetitte, Body Weight And Lipid Profile In Cafeteria Diet Induced Obesity In Experimental Animal. Annals of the Romanian Society for Cell Biology, 25(6), 13976-13987.",10.55544/jrasb.3.2.43,2021
"Azoulay, A., and A. Ophir. 2000. “'We Are Not Asking What It Means but How Does It Work:’ Introduction to A Thousand Plateaux.” Theory and Criticism 17: 123–131. (in Hebrew)",10.1080/1472586x.2024.2352305,2000
"Yu, B.B. 2015. The economic growth effect of industrial structure adjustment and productivity improvement: an analysis based on the dynamic spatial panel model of Chinese cities. China Industrial Economics 12: 83–98.",10.1007/s44176-024-00028-9,2015
"Mohanty, A. (2021). Gender difference in locus of control: A comparative study. International Journal of Indian Psychȯlogy, 9(4).",10.55860/fyhdb993,2021
Bauer CJ. The Long View of the Water/Energy Nexus: Hydropower’s First Century in the U.S.A.Century in the U.S.A. Nat Resour J. 2020;60(2):173–206.,10.1007/s40518-024-00237-6,2020
"Van Roy, P. (2008). Capital requirements and bank behavior in the early 1990s: Cross country evidence. International Journal of Central Banking, 4(3), 29–60.",10.1080/23322039.2024.2322889,2008
"Carnap, R. The Logical Structure of the World Open Court Publishing, Amazon, ISBN: 0812695232, 9780812695236, 2003.",10.11648/j.ijp.20241202.13,2003
"Das, P. K., Dangi, R. K., & Naik, I. C. (2020). Career decision and indecision of students at secondary level schools. International Journal of Management (IJM), 11(6).",10.1007/s12144-024-06033-1,2020
"Machinek Marian, „Autonomia jako wartość i problem moralny w relacji lekarz-pacjent” Medycyna Praktyczna, nr 1 (2011): 105-110.",10.36128/priw.vi49.451,2011
"Zhao, K., Q. Hou, and W. Li. 2021. Spillover effects of economic development in provincial capitals: an analysis based on industrial enterprise data. Economic Research Journal 56 (03): 150–166.",10.1007/s44176-024-00028-9,2021
"M. Bai, Z. Bai, L. Jiang, D. Zhang, Q. Yao, D. Wei, C. Dong, and K. Xiao, J. Chin. Soc. Corros. Prot. 40, 159 (2020).",10.1007/s11837-024-06421-9,2020
"Otimenyin SO, Uzochukwu DC. (2012). Spasmolytic and Anti-diarrhea effects of the bark of Erythrina senegalensis and root of Kigelia africana. Asian J. Pharm Clin. Res., 2012; 3(4):11-14.",10.26538/tjpps/v3i6.6,2012
"[11] M. Taşdemir, “Mechanical properties of polypropylene biocomposites with sea weeds,” Nanomaterials Science & Engineering, vol. 1, no. 1, pp. 22-29, 2019.",10.29130/dubited.1184670,2019
"Muşmal, H. (2006) Beyşehir kazası Kurucaova köyü'nde yaşanan 1909 ve 1932 yılı afetleri ve afet sonrasında yeniden yapılanma faaliyetleri, Selçuk Üniversitesi Fen-Edebiyat Fakültesi Edebiyat Dergisi, 16, 69-90.",10.53472/jenas.1412321,2006
"Cohen, E., Mesika, R. & Schwartz, Z. 1998. A multidimensional approach to menu sales mix analysis. Praxis, 2(1), pp.130-144;",10.5937/vojtehg72-52600,1998
"Granet, A.M. and Dobré, M. 2021. City dwellers and the forest in France. Revue Forestière Française 61(5):521-534 (in French).",10.15243/jdmlm.2024.113.5695,2021
"Cabı, E., & Yalçınalp, S. (2013). Occupational anxiety scale for prospective teachers: A study on validity and reliability. Hacettepe University Journal of Education, 44, 85–96.",10.69918/ejte.1558103,2013
"Kubiak Rafał, „Przywilej terapeutyczny” Medycyna Paliatywna, nr 1 (2017): 12-20.",10.36128/priw.vi49.451,2017
"Abrantes, G. Impacts of smoking during pregnancy for the child’s growth: systematic review. Revista UNILUS Ensino e Pesquisa. 2020; 17 (47): 83.",10.5902/2236583441816,2020
"Rucakumugufi, D., Dieng, M., Ntakarutimana, V., Sambe, M.F., Bigumandondera, P., Codou Mar Diop, M.C., 2021. Co-compostage des déchets solides ménagers avec les déjections d’élevage: optimisation du rapport C/N des substrats de départ. Afr. Sci. 18(2), 94–107.",10.1016/j.jssas.2024.08.005,2021
"Goldstein R. J. (2006), Prelude to McCarthyism: The making of a blacklist, “Prologue Magazine”, 38(3).",10.14746/r.2024.1.5,2006
"Southorn W A, Yip E. Latex flow studies. III. Electrostatic considerations in the colloidal stability of fresh Hevea latex. J Rubb Res Inst Malaya, 1968, 20: 201–215.",10.1360/ssv-2024-0165,1968
"Manav, Ö. (2022). Unemployment coping situations of unassigned teachers. Turkish Scientific Researches Journal, 7 (2), 460-473.",10.69918/ejte.1558103,2022
"Wu H L, Yu B, Cheng Q Q, et al. Cloning and Characterization of Jasmonic Acid-Induced AP2/EREBP Genes in Laticifer from Rubber Tree (Hevea brasiliensis Muell. Arg.). Chin Agric Sci Bull, 2010, 26: 287–293.",10.1360/ssv-2024-0165,2010
"Zhao, L., Nolan, M. & Remington, P. L. Mountain bike injury incidence and risk factors among members of a wisconsin mountain bike club. WMJ 122(2), 121–123 (2023).",10.1038/s41598-024-54774-7,2023
"India., T. o. ( June 20, 2016.). India bans use of cancer-causing additive, potassium bromate, in bread, other food, .",10.21048/ijnd.2024.61.1.34925,2016
"MARTÍNEZ CROVETTO, R. 1981. Las plantas utilizadas en medicina popular en el noroeste de Corrientes. Miscelánea Fundación Miguel Lillo 69: 7-139.",10.31055/1851.2372.v59.n1.40763,1981
"Ferin Nakya, Aisha, Andi Muhammad Rifansyah Alghifari, Zulfikar Rizqy Ramadhan, Rizwar Khalifatullah Ahmad, Muhammad Zaini, and Havidz Ageng Prakoso. n.d. “Perbandingan Gerakan Sosial Baru Dan Gerakan Sosial Lama (Studi Kasus Di Myanmar).” JIMPS: Jurnal Ilmiah Mahasiswa Pendidikan Sejarah 8(4):2023. doi: 10.24815/jimps.v8i4.26095.",10.24815/jsu.v18i1.39337,2023
"Fundali, Irena, Aneta Smolińska. 2015. “Świadomość ekologiczna jako instrument realizacji polityki ekologicznej w Polsce, Stanach Zjednoczonych Ameryki i Australii. [Environmental Awareness as a Tool to Implement Environmental Policies in Poland, The United States of America and Australia].” Rocznik Politologiczny 11: 41-57.",10.21697/seb.5833,2015
"Y.Hu , V. A.Lopez , H.Xu , J. P.Pfister , B.Song , K. A.Servage , M.Sakurai , B. T.Jones , J. T.Mendell , T.Wang , J.Wu , A. M.Lambowitz , D. R.Tomchick , K.Pawłowski and V. S.Tagliabracci , bioRxiv , 2024.04.24.590974, 2024",10.1039/d4cb00125g,2024
"Cirianni, F. M. M., Comi, A., & Luongo, A. S. (2022). A sustainable approach for planning of urban pedestrian routes and footpaths in a pandemic scenario. TeMA, 15(1), 125–140.",10.1186/s12544-024-00685-7,2022
"Manjunatha M, Akshay NK, Jeevan H (2016) Durability studies on concrete by replacing natural sand with M-sand: a review. Int J Emerg Technol Adv Eng 6(3):293–296",10.1617/s11527-024-02357-3,2016
"Kotlarska-Michalska, Anna. 2012. „Więź w rodzinach wielodzietnych”. Roczniki Socjologii Rodziny, 14: 57-70.",10.14746/tim.2024.36.2.22,2012
"Pişkin, Z., & Parlar, H. (2021). Investigation of teaching profession in terms of social status and perception, Academic Platform Journal of Education and Change, 4 (1), 1-28.",10.69918/ejte.1558103,2021
"Supratno, H., Yulianto, B., Darni, Yunus, Indriyanti, A. D., & Bakar, A. (2020). Entrepreneurship Education in Pesantren to Train and Strengthen Santri’s Independence in The Era of Covid-19. PalArch’s Journal of Archaeology of Egypt/Egyptology, 17(8).",10.47134/ijsl.v5i1.309,2020
"Pathak, R.S.: Certain convergence theorems and asymptotic properties of a generalization of Lommel and Maitland transformations. Proc. Natl. Acad. Sci., India A-36(1), 81–86 (1966)",10.1186/s13660-024-03108-2,1966
"Mueller, M., Casser, V., Lahoud, J., Smith, N., Ghanem, B., Ue4sim: A photo-realistic simulator for computer vision applications, arXiv, 1708(05869), 1-18, 2017.",10.17341/gazimmfd.1156817,2017
"Pandey, M., Singh, A., Agnihotri, N., Kumar, R., Saha, P., Pandey, R. P., & Kumar, A. (2022). Clinical Pharmacology & Therapeutic uses of Diuretic Agents: A Review. Journal for Research in Applied Sciences and Biotechnology, 1(3), 11-20.",10.55544/jrasb.3.2.43,2022
Baruah SP. Exploring the capability of MS EXCEL for constructing bias-corrected and accelerated (BCA) bootstrap confidence intervals to aid in decision-making during an emergency. Spreadsheets Educ. 2023 Mar 10:1–16.,10.24018/ejece.2024.8.3.610,2023
"C. Zhang, J. Huang, T. Zhang, and Y. Ji, Trans. China Weld. Inst. 33, 97 (2012).",10.1007/s11837-024-06421-9,2012
"Minchev N.D., Minchev I.N., Minchev Yu.N., On the Dynamic Connection Between the Vibrations of the Propeller and the Main Ship Engine, Mechanics of Machines Journal, No. 105, 2014, pp. 87-91.",10.17770/etr2024vol3.8125,2014
"Segal LM, Stephenson R, Dawes M, Feldman P. Prevalence, diagnosis, and treatment of ankyloglossia: Methodologic review. Can Fam Physician. 2007;53(6):1027-33. PMid:17872781",10.3889/oamjms.2024.9604,2007
"Case D.; Babin V.; Berryman J.; Amber 14; university of california: San francisco. , 2014,1-826",10.2174/1570180819666220621164014,2014
"C. Wetterich, The cosmological constant and the time variation of the fundamental constants. Astron. Astrophys. 301, 321 (2015)",10.1140/epjc/s10052-024-12613-z,2015
"Bungãu SG, Popa V-C (2015) Between religion and science some aspects concerning illness and healing in antiquity. Transylvanian Rev 24:3–18",10.55544/jrasb.3.2.43,2015
"Yazdanpanah, T., Khodashenas, S. R., Davari, K., Ghahraman, B. (2008). Water resources management in a Watershed with WEAP model (A case study of Azghad watershed). Journal of Agriculture Science and Technology, 22 (1), 213–221.",10.31435/ijitss.4(44).2024.3012,2008
"Xu, Z., Y. Gao, and Z. Huo. 2022. Study on the influence of high-speed rail on energy efficiency—theoretica analysis and empirical test based on “center-periphery” model. Soft Science 36 (05): 1–8+14.",10.1007/s44176-024-00028-9,2022
"Zhang H F, Chen Y L, Xu W C, Liu R, Yuan H L, Liu X M (2006). Granitoids around Gonghe Basin in Qinghai province: petrogenesis and tectonic implications. Acta Petrol Sin, 22(12): 2910–2922",10.1007/s11707-022-1054-6,2006
"Cam D. H., Phuong N. Types of formation origin and division of mine groups for exploration of kaolin mines in the Northeastern region of Vietnam. Journal of Mining and Earth Sciences. 2005;10:15–19. (In Vietnamese)",10.17073/2500-0632-2023-12-189,2005
"Gnyszka A, Jastrzebski Z, Flis S. DNA methyltransferase inhibitors and their emerging role in epigenetic therapy of cancer. Anticancer Res. 2013;33(8):2989–2996.",10.1080/17501911.2024.2430169,2013
"Tittlbach S, Bär K, Schuch K, Stopfer-Höhn M, Lauter A (2014) Männersportgruppen: Erfolgsfaktoren und praktische Ideen. Ü. Magazin 5:9–19",10.1007/s11553-024-01117-z,2014
"Wu Yanxia. Experimental study on the protective mechanism of Zhengan Xifeng decoction pretreatment on brain tissue of MCAO rats. First Hospital of Wuhan, Hubei Province, March 13, 2015.",10.1016/j.lfs.2024.123045,2015
"Z. Liu, F. Dai, G. Lu, H. Zhang, and Z. Shen, Mater. Rep. 37, 354 (2023).",10.1007/s11837-024-06421-9,2023
"H. Wang, J. Wang, X. Peng, and C. Shan, J. Chin. Soc. Corros. Prot. 35, 75 (2015).",10.1007/s11837-024-06421-9,2015
"Tuncel, M. (1981). Türkiye’de doğal olaylar sonucunda yer değiştiren kentler, İstanbul Üniversitesi Yerbilimleri Dergisi, 1-2, 115-124.",10.53472/jenas.1412321,1981
"Rivara, F. P., Thompson, D. C., Thompson, R. S. & Rebolledo, V. Injuries involving off-road cycling. J. Fam. Pract. 44(5), 481–485 (1997).",10.1038/s41598-024-54774-7,1997
"X. Li, Y. Zhang, Z. Li, J. Li, and T. Zhang, J. Mater. Eng. 48, 115 (2020).",10.1007/s11837-024-06421-9,2020
"BRITO, Ana Paula Gonçalves; DE OLIVEIRA, Guilherme Saramago; DA SILVA, Brunna Alves. A importância da pesquisa bibliográfica no desenvolvimento de pesquisas qualitativas na área de educação. Cadernos da FUCAMP, v. 20, n. 44, 2021.",10.55028/pdres.v11i29.21454,2021
"A.M. Al-Dali, H. Weiher and I.G.H. Schmidt-Wolf, Oncol. Lett. 16, 6854–6860 (2018).",10.1080/00268976.2024.2314132,2018
"Zhao X, Zhang Y, Li L, Zhou Y (2005) Evaluation on reliability and validity of Chinese version of childhood trauma questionnaire. J Clin Rehabil 9(16):209–211",10.1057/s41599-024-02775-2,2005
"DeLisser HM, Christofidou-Solomidou M, Strieter RM, Burdick MD, Robinson CS, Wexler RS, Kerr JS, Garlanda C, Merwin JR, Madri JA et al (1997) Involvement of endothelial PECAM-1/CD31 in angiogenesis. Am J Pathol 151:671–677",10.1038/s44319-024-00097-7,1997
"Meng W C, Chen Y B, Chen L J, Li J X (2020). Study of sedimentary succession and its origin of gravel beach bar: a case from the modern beach bar in the southeastern Qinghai Lake. Northwestern Geol, 53(3): 56–65",10.1007/s11707-022-1054-6,2020
"Park, S. R., Lee, B. K., Yang, S. Y., 1998, The call patterns and the change of calls by water temperature in Rana plancyi (Amphibia, Anura), The Korean Journal of Ecology (Korea Republic), 21(3), 269-276.",10.5322/jesi.2024.33.11.863,1998
Lyimo B. J. & Mrema I. (2022). Factors affecting procurement practices in public procurement entities in Tanzania. Olva Academy – School of Researchers 4(1) 96–106.,10.1080/23311886.2024.2324972,2022
"A.A. Costa et al., Constraints on interacting vector-like dark energy from cosmological observations. JCAP 12, 050 (2021)",10.1140/epjc/s10052-024-12613-z,2021
"Akinwumi AO, Odunsi AA, Omojola AB, Akanda TO, Rafiu TA. Evaluation of carcass, organ and organoleptic properties of spent layers of different poultry types. Bots. J. Agric. Appl. Sci., 2013; 9(1):3-7.",10.26538/tjpps/v3i6.6,2013
"8. Özdemir, Ö. ve Bilgili, N. (2014). “Sağlık Hizmetlerinde Yaşlı Ayrımcılığı”. Gülhane Tıp Dergisi, 56, 128-131.",10.37989/gumussagbil.1273125,2014
Chochiev G.V. Kavkazoorientirovannaya deyatel'nost' cherkesskoi politicheskoi elity v Turtsii v 1918-1921 gg. // Gramota &ndash;&nbsp;2014.&nbsp;&ndash;&nbsp; № 4 (42).&nbsp;&ndash; C. 205-208.,10.7256/2454-0617.2024.1.69730,1918
"Ishchenko, N. (2014). Zhanrova palitra naukovoyi komunikatsiyi [The genre palette of scientific communication]. Naukovi Zapysky Natsionalnoho Universytetu Ostrozka Akademiya. Seriya: Filolohichna, 42, 67-69 (In Ukrainian).",10.17721/2663-0303.2024.1.01,2014
Floquet K. & Biekpe N. (2008). The relationship between capital structure and risk in emerging market banks. Banks & Bank Systems 3(1) 63–74.,10.1080/23322039.2024.2322889,2008
"Azis, Aswin Ariyanto. 2018. “The Concept of Civil Society and Its Significance on Development Practice.” Jurnal Transformasi Global 3(2):238–48.",10.24815/jsu.v18i1.39337,2018
"Mishra, A., Singh, Y., Singh, R., Kumar, R., Shukla, S., Prajapati, R. K., ... & Sagar, L. P. (2022). Ethano-pharmacology activity & Antioxidant activity of Centella asiatica Plant Parts. Neuroquantology, 20(11), 7562.",10.55544/jrasb.3.2.43,2022
"Fachrurrozie, Mukhibad, H., Nurkhin, A., Hobar, A., & Sari, P. N. (2021). Peningkatan Literasi Bisnis Digital dan Literasi Keuangan bagi Santripreneur di Kecamatan Gunungpati Kota Semarang. Jurnal Implementasi, 1(1).",10.47134/ijsl.v5i1.309,2021
"R Alekberov, A Isayev, S Mekhtiyeva and M Fábián UNEC J. Eng. Appl. Sci. 1 27 (2021).",10.1007/s12648-024-03221-4,2021
"Y. Liu, J. Li, and L. Zhang, Chin. J. Nonferrous Met. 31, 699 (2021).",10.1007/s11837-024-06421-9,2021
"Team, R.C. 2018. R: A language and environment for statistical. Computing 275-286. DOI: 10.1890/0012-9658(2002)083.",10.1016/j.envint.2024.108768,2018
"Dumer, I.: Two decoding algorithms for linear codes. Probl. Inf. Transm. 25(1), 17–23 (1989)",10.1007/s12095-024-00712-3,1989
"12. H. M. Nykyforchyn, H. V. Krechkovska, and O. Z. Student, ""Structural changes in heat-resistant steels caused by shutdowns of TPP units,"" Naukovi Notatky [in Ukrainian], Is. 31, 221-228 (2011).",10.15407/pcmm2024.05.108,2011
"de Bruijn, N.G.: A combinatorial problem. Koninklijke Nederlandse Akademie van Wetenschappen 49, 758–764 (1946)",10.1007/s12095-024-00747-6,1946
Gougerot H et al. Lichen plan sur cicatrice de zona. Arch Dermatol Syphilol Clin Hôp Saint-Louis 1929;1:189-92,10.1007/s15012-024-8518-1,1929
"SSALI M.W., DU J., HONGO D.O., MENSAH I.A. Impact of Economic Growth, Energy Use and Population Growth on Carbon Emission, CO2 Emissions and Economic Growth: Evidence from Cameroon. International Journal of Energy Economics and Policy, 9, 200, 2019.",10.15244/pjoes/187612,2019
"(2) Bray, G, Bouchard, C, James, WPT. Definitions and proposed current classifications of obesity. Handbook of obesity. Marcel Dekker. New York 1998:31-40.",10.20960/nh.04995,1998
"Nyarko, R. O., Boateng, E., Kahwa, I., & Boateng, P. O. (2020). A comparison analysis on remdesivir, favipiravir, hydroxychloroquine, chloroquine and azithromycin in the treatment of corona virus disease 2019 (COVID-19)-A Review. World J. Pharm. Pharm. Sci, 9, 121-133.",10.55544/jrasb.3.2.43,2020
"Gokulakrishnan K, Senthamilselvan P, Sivakumari V. Regenerating activity of Citrus aurantifolia on Paracetamol induced heaptic damage. Asian J Bio Sci. 2009;4(2):176–9.",10.1186/s13065-024-01162-x,2009
"5.Ambika Dutta Shastri, Sushruta Samhita with Elaborat-ed Ayurveda Tatva Sandipika Hindi Commentary, Reprint. Varanasi: Choukhambha Sanskrit Sansthan, Sharir Sthan 5/30, 2011",10.46607/iamj0312112024,2011
"Papuziński, Andrzej. 2006. “Ecological awareness in the light of theory and practice (an outline of a political–science model of ecological awareness).” Problemy Ekorozwoju 1(1): 33-40.",10.21697/seb.5833,2006
"Handel, A. 2006. “Notes on the Senses and Their Role in the Occupied Territories.” Theory and Criticism 28: 157–172. (in Hebrew).",10.1080/1472586x.2024.2352305,2006
"Ülker H, Kucuk D, Cantekin Z, Solmaz H (2012). Hatay yöresinde kesimhanede kesilen sığır akciğerlerinden Pasteurella multocida ve Mannheimia haemolytica izolasyonu ve antibiyotiklere duyarlılığı. AVKAE Derg, 2, 2, 10-14.",10.46810/tdfd.1402193,2012
"Larasati, V., & Oktivera, E. (2019). Media Sosial Instagram berpengaruh terhadap minat beli produk Wardah. Jurnal Administrasi Kantor, 7(1), 31–40.",10.53088/jmdb.v4i2.1018,2019
"Jones, Van. 2016. Prince: The Man I Knew. CNN, Season 2016, April 22, 2016.",10.2478/meiea-2024-0005,2016
"Moir G F J, Tata S J. The protein of Hevea brasiliensis latex. III. The soluble proteins of bottom fraction. J Rubb Res Inst Malaya, 1960, 16: 155–165.",10.1360/ssv-2024-0165,1960
"Delery J, Marvin JG (1986) Shock-wave boundary layer interactions. Adv Group Aerosp Res Develop 86:58–85",10.1007/s40430-024-05272-4,1986
"Akinfala EO, Aderibigbe AO, Matanmi O. Evaluation of the nutritive value of whole cassava plant as replacement for maize in the starter diets for broiler chicken. Livest Res. Rural Dev., 2002; 14(6):44-49.",10.26538/tjpps/v3i6.6,2002
"Nowacka Maria, „Filozoficzne podstawy zasady autonomii pacjenta” Problemy Higieny i Epidemiologii, nr 3 (2008): 63-66.",10.36128/priw.vi49.451,2008
"Quinn R, Joyce K. How do General Practitioners learn of their patient’s deaths? Ir Med J. 2000;93(9):282-3.",10.1007/s11606-024-08702-0,2000
"M. Cheng, B. Yu, R. Guo, X. Shi, L. Xu, J. Qiao, and R. Yang, J. Market. Res. 10, 153 (2021).",10.1007/s11837-024-06421-9,2021
"Sahana, S. (2020). Purabi saha, Roshan kumar, Pradipta das, Indranil Chatterjee, Prasit Roy, Sk Abdur Rahamat. A Review of the 2019 Corona virus (COVID-19) World Journal of Pharmacy and Pharmaceutical science, 9(9), 2367-2381.",10.55544/jrasb.3.2.43,2020
"Effiom O, Avoaja D, Ohaeri C. Mosquito repellent activity of phytochemical extracts from peels of citrus fruit species. Global J Sci Frontier Res. 2012;12(1):1–4.",10.1186/s13065-024-01162-x,2012
"34. Köse, G, Ayhan, H, Taştan, S, İyigün, E, Hatipoğlu, S. ve Açıkel, CH. (2015). “Sağlık Alanında Farklı Bölümlerde Öğrenim Gören Öğrencilerin Yaşlı Ayrımcılığına İlişkin Tutumlarının Belirlenmesi”. Gülhane Tıp Dergisi, 57 (2), 145-151.",10.37989/gumussagbil.1273125,2015
"Saha, P., Kumar, A., Bhanja, J., Shaik, R., Kawale, A. L., & Kumar, R. (2022). A review of immune blockade safety and antitumor activity of dostarlimab therapy in endometrial cancer. International Journal for Research in Applied Sciences and Biotechnology, 9(3), 201-209.",10.55544/jrasb.3.2.43,2022
"Ra, N. Y., Lee, J. H., Park. D. S., 2007, Growth of golden frog larvae, Rana plzancyi chosenica by different food types, Journal of Life Science, 25(1), 8-15.",10.5322/jesi.2024.33.11.863,2007
"Li, H.F., and H. Sun. 2022. The impact of high-speed railway on the quality of new-type urbanization—a case study of Yunnan Province. Logistics Sci-Tech 45 (03): 114–120.",10.1007/s44176-024-00028-9,2022
"Moore, K. R. (2017). The technical communicator as participant, facilitator, and designer in public engagement projects. Technical Communication, 64(3), 237--253.",10.1145/3563890.3713035,2017
"Szpara Justyna, „Prawo do informacji medycznej w relacjach pacjenta z lekarzem” Prawo i Medycyna, nr 4 (1999): 135-139.",10.36128/priw.vi49.451,1999
"CHAPANI, Diego; CAVASSAN, Osmar. O estudo do meio como estratégia para o Ensino de Ciências e Educação Ambiental. Minesis, Bauru, v. 18, n. 1, p. 19-30, 1997.",10.55028/pdres.v11i29.21454,1997
"Sümer N, Sendağ AM. Attachment to parents during middle childhood, self-perceptions, and anxiety. Turk Psıkol Derg. 2009, 24:86-101.",10.7759/cureus.70937,2009
"Razi, Gh. A. Al- Mantegh in Tahrir-al- Ghavaed al Manteghiye Bidar, Ghom, Iran, ed. 6, 2015.",10.11648/j.ijp.20241202.13,2015
"X. Zhao, D. Liang, C. Zhang, H. Rong, and N. Li, Rare Met. Mater. Eng. 49, 3510 (2020).",10.1007/s11837-024-06421-9,2020
Lem M. Animal welfare: barriers to accessible veterinary care bien-être des animaux. Can Vet J. 2019;60:3.,10.2460/javma.23.06.0331,2019
"Akgün, A., Gönen, S., & Aydın, M. (2007). The investigation of anxiety levels of prımary school science and mathematics teacher students’ according to some variables. Electronic Journal of Social Sciences, 6(20), 283–299.",10.69918/ejte.1558103,2007
"Wang, Junqi et al. 2021. “A Fragment of the Saṃghāṭasūtra Interpolated in the Manuscript of the Bodhicaryāvatārapañjikā （ZX0617–ZB20）.” <i>Journal of Buddhist Studies</i> 18: 87–95.",10.4259/ibk.72.3_1070,2021
Dorffner G (1996) Neural networks for time series processing. Neural Network World 6(4):447–468,10.1007/s00484-024-02829-9,1996
"Azevedo RD, Guimarães F, Viegas CR, Almeida ND, Geraseev LC, Pinto MS. 2014. Colostrum silage: microbiological risks and characterization of pH as a function of day of collection. Brazilian Journal of Veterinary Medicine. 36(3):271–276.",10.1080/00288233.2024.2427727,2014
"Güngen C, Ertan T, Eker E, Yaşar R, Engin F (2002) Standardize mini mental test’in Türk toplumunda hafif demans tanısında geçerlik ve güvenilirliği. Turk Psikiyatri Derg 13(4):273–281",10.1007/s10072-024-07750-y,2002
"Song C H, Fang X M, Shi Y M, Wang X M (2001). Sedimentary characteristics of modern lacustrine deltas in Qinghai Lake and their controlling factors. J Lanzhou U (Nat Sci), 37(3): 112–121",10.1007/s11707-022-1054-6,2001
"Deshmukh UB, Shende MB, Rathor OS (2012) Invansive alien angiosperms of Chandrapur District of Maharshtra, India. Bion Ano F Ron Tier 5:100–103",10.1007/s42965-024-00345-w,2012
"Kotresh K, Siddeshwari M (2020) Alien flora of Ballari district, Karnataka, India. Int J Trend Sci Res Dev 5(1):167–173",10.1007/s42965-024-00345-w,2020
"Madrigal, A. B., & Contreras, F. C. (2016, diciembre). In- fluencia de las nuevas tecnologías en el desarrollo adolescente y posibles desajustes. Revista Cúpula, 30 (2), 11-25.",10.69789/ccs.v8i2.631,2016
"2.Ambika Dutta Shastri, Sushruta Samhita with Elaborat-ed Ayurveda Tatva Sandipika Hindi Commentary, Reprint. Varanasi: Choukhambha Sanskrit Sansthan, Sharir Sthan 5/39, 2011",10.46607/iamj0312112024,2011
"Álvarez de Miranda, Pedro, 2008. «Las discontinuidades en la historia del léxico, en Concepción Company y , José G. Moreno de Alba (eds.), Actas del VII Congreso Internacional de Historia de la Lengua , Española, Madrid, Arco Libros, vol. 1, 1–44.",10.4000/12zjw,2008
"Tuncel, M. (1977). Türkiye’de yer değiştiren şehirler hakkında bir ilk not, İstanbul Üniversitesi Coğrafya Enstitüsü Dergisi, 20-21, 119-128.",10.53472/jenas.1412321,1977
"Habacı, İ., Karataş, E., Adıgüzelli, F., Ürker, A., & Atıcı, R. (2013). Teachers in the current problems, Turkish studies - International periodical for the languages. Literature and History of Turkish or Turkic, 8 (6), 263-277.",10.69918/ejte.1558103,2013
"Hennemann, G. (1961). Fechner, Gustav Theodor. Neue Deutsche Biographie, 5, 37–38.",10.28925/2412-2491.2024.224,1961
"Sadeghi, A. Hetrosexual Mutualtrust and Implicit Commitment, Social Development, Serial Poblications, vol. 11, No. 2, 1Oct. 2011, pp. 641-665.",10.11648/j.ijp.20241202.13,2011
"Granato, L., D. Perrotta. 2015. “Asimetrías en la integración regional: De la ALALC al MERCOSUR.” Perspectivas 45:89–111.",10.1080/08263663.2024.2344316,2015
"Aulaskari, R., Rättyä, J.: Nevanlinna class contains functions whose spherical derivatives grow arbitrarily fast. Ann. Acad. Sci. Fenn. Math. 34, 387–390 (2009)",10.1007/s00605-024-02013-6,2009
"Zembala Anna, „Modele komunikacyjne w relacjach lekarz-pacjent” Zeszyty Naukowe Towarzystwa Doktorantów UJ, nr 2 (2005): 35-50.",10.36128/priw.vi49.451,2005
"Tel OY, Keskin O. Koyun akciğerlerinden Pasteurella multocida ve Mannheimia haemolytica izolasyonu ve antibiyotiklere duyarlılığı. YYÜ Vet Fak Derg. 2010; 21 (1): 31.",10.46810/tdfd.1402193,2010
"Leung C, Leung S, Chan R, Tso K, Ip F (2005) Child behaviour and parenting stress in Hong Kong families. Hong Kong Med J 11(5):373–380",10.1007/s00787-024-02506-7,2005
"Azoulay, A. 1996. “Sign from Heaven: Murder in a Floodlit Arena.” Theory and Criticism 9: 241–274. (in Hebrew)",10.1080/1472586x.2024.2352305,1996
"Cao SG, Wang YS, Jia MX (2011) Preparation of cement admixture by modified waste brick powder. J China Cem 12:49–51",10.1007/s41062-024-01498-2,2011
"M. Zhao, H. Zhou, W. Kang, Y. Huang, Y. Zheng, Comparison of methods for fabricating superhydrophobic surface. Acta Materiae Compositae Sinica 38(2), 361–379 (2021)",10.1007/s12221-024-00544-1,2021
"Mahmud, M., Amat, S., & Abu Bakar, A. (2022). Issues and challenges in career counselling in higher education. Sciences, 12(9), 733–739.",10.1007/s12144-024-06033-1,2022
"Vashisth A, Aravind KS (2020) Multistage mustard yield estimation based on weather variables using multiple linear, LASSO and elastic net models for semi-arid region of India. J Agri Phy 20(2):213–223",10.1007/s00484-024-02829-9,2020
"Etsey, Y. K. A. (1992). What is continuous assessment? The Oguaa Educator, 10(1), 82–92.",10.3828/dap.2024.6,1992
"Deveci, C. (1999). “Foucault’nun İktidar Kavramsallaştırmasında Siyasal Boyutun Ayrıştırılamazlığı”. Doğu Batı, 3, 9, 25-44.",10.30561/sinopusd.1469956,1999
"10.Ambika Dutta Shastri, Sushruta Samhita with Elabo-rated Ayurveda Tatva Sandipika Hindi Commentary, Reprint. Varanasi: Choukhambha Sanskrit Sansthan, Sharir Sthan 5/27, 2011",10.46607/iamj0312112024,2011
"Aydın, O., & Çiftel, N. (2013). Ortaöğretim kurumlarına devam eden öğrencilerin akademik ve mesleki gelecek kaygılarının incelenmesi [Examining the academic and professional future concerns of students attending secondary education institutions]. İZÜ Sosyal Bilimler Dergisi, 2(3), 129–166.",10.69918/ejte.1558103,2013
"Xu LJ, Liu HT, Peng Y, Xiao PG. 2008. A preliminary pharmaco phylogenetic investigation in Schisandraceae. Clin J Chin Med. 5:692–723.",10.1080/23802359.2024.2437099,2008
"Schirber, M. “Universe Proceeded by an Antiuniuverse?” Physical Review Letters, Lyon, Dec. 20, Physics 11, s147, 2018.",10.11648/j.ijp.20241202.13,2018
"Jose, J, Joseph, MM. Imagery: it’s effects and benefits on sports performance and psychological variables: a review study. Int J Physiol Nutr Phys Educ 2018;3:190–3.",10.1515/jirspa-2024-0012,2018
"World Health Organization (2003). Prevention and management of osteoporosis. World Health Organ. Tech. Rep. Ser., 921, 1–164.",10.3390/diagnostics14070781,2003
"Zhang, Y., Ma, L., & Gang, C. (2021). Added value of export of digital services in “the belt and road”, position of the value chain, and determining factors——empirical study based on the world input-output database. Inquiry into Economic Issues, 7, 177–190.",10.1007/s13132-023-01698-8,2021
"A.A. Peyghan and H. Soleymanabadi, Curr. Sci., 1910–1914 (2015).",10.1080/00268976.2024.2314132,1910
"Foulon A, Chevreau J, Yzet C, Gondry J, Fumery M (2020) IBD and pregnancy. Gynecol Obstet Fertil Senol 48:514–519",10.1007/s00404-024-07521-2,2020
"Revelle, W., Revelle, M.W., 2015. Package ‘psych’. The comprehensive R archive network. 337, 338.",10.1016/j.envint.2024.108768,2015
"Oh, S.C. (2001) The Study on Hermit Crabs of Tokdo Island. Cheju National University Journal, 2001, 924–945.",10.11646/zootaxa.5458.3.7,2001
Burks BD (1979) Family pteromalidae. Catalog Hymenopt Am North Mexico 1:768–835,10.1007/s40011-024-01553-z,1979
"Kumar, R., Singh, V. P., & Sharma, A. (2014). A study biological control of Aspergillus flavus using Psudomonas fluorescens and Bacillus subtilis. IRJSE, 2, 213-218.",10.55544/jrasb.3.2.43,2014
"Ouamane, A. (2009). Dam engineering in Algeria: progress, needs and prospects. The International Journal on Hydropower & Dams, 16(6), pp. 75-79.",10.31435/ijitss.4(44).2024.3012,2009
"Holland K, Middleton L, Uys L. The sources of professional confidence in occupational therapy students. South African J Occup Ther. 2012;42(3):19–25.",10.1123/ijatt.2023-0081,2012
"Busardo FP, Vari MR, Di Trana A, Malaca S, Carlier J, Di Luca NM (2019) Drug-facilitated sexual assaults (DFSA): a serious underestimated issue. Eur Rev Med Pharmacol Sci 23:10577–10587",10.1007/s11419-024-00706-z,2019
"Luo, N.S., N. Xiao, and J.LI. 2020. On whether the high-speed railway can promote the industrial structure to upgrade and optimize: an analysis based on quasi-natural experiments. Journal of Management 33 (01): 38–49.",10.1007/s44176-024-00028-9,2020
"Kumar, R., Saha, P., Sarkar, S., Rawat, N., & Prakash, A. (2021). A Review On Novel Drug Delivery System. IJRAR-International Journal of Research and Analytical Reviews (IJRAR), 8(1), 183-199.",10.55544/jrasb.3.2.43,2021
"Shim, Y. J., Kim, S. R., Yoon, K. B., 2020, A Basic research for the development of habitat suitability index model of Pelophylax chosenicus, Journal of the Korean Society of Environmental Restoration Technology, 23(1), 49-62.",10.5322/jesi.2024.33.11.863,2020
"Sygusch R, Wagner P, Janke A, Brehm W (2005) Gesundheitssport – Effekte und deren Nachhaltigkeit bei unterschiedlichen Energieverbrauch. Dtsch Z Sportmed 56(9):318–326",10.1007/s11553-024-01117-z,2005
"K. Wang, Y. Zhao, W. Jia, Z. Hou, S. Li, and C. Mao, Rare Met. Mater. Eng. 50, 552 (2021).",10.1007/s11837-024-06421-9,2021
"D. Kinga, J.B. Adam, et al., A method for stochastic optimization, in: Int. Conf. on Learn. Repres., 5, 2015, p. 6.",10.1016/j.patcog.2023.110108,2015
"Richart F.E., Brandtzaeg A., Brown R.L. The failure of plain and spirally reinforced concrete in compression. University of Illinois Engineering Experimental Station, Champaign 111, 1929.",10.1016/j.istruc.2024.106027,1929
"Shambharkar, K., & Agashe, C. D. (2016). Hostile aggression in sportspersons: A comparative study of combat and non-combat sports. International Journal of Indian Psychology, 3(2), 9-18.",10.55860/fyhdb993,2016
"Bacon, F. Novum Organom, Hill Publishing, ISBN-13: ‎978-1612034478, 2012.",10.11648/j.ijp.20241202.13,2012
"Shimomura, M. (2006) Asellote isopods (Crustacea: Peracarida) of Sagami Bay, Central Japan. Memoirs of the National Science Museum, Tokyo, 41, 43–63.",10.11646/zootaxa.5458.3.7,2006
"D. Sofia, U. A. Husin, and E. Marliyani, “Gambaran Karakteristik Pasien Pneumonia pada Anak Balita yang Dirawat Inap di RSUD Al-Ihsan Kabupaten Bandung pada Tahun 2018-2019,” vol. 7, no. 1, pp. 394–399, 2021, doi: 10.29313/kedokteran.v7i1.2664.",10.30649/sbj.v3i3.121,2018
"Folmer, O., Black, M., Hoeh, W., Lutz, R. & Vrijenhoek, R. (1994) DNA primers for amplification of mitochondrial cytochrome c oxidase subunit I from diverse metazoan invertebrates. Molecular Marine Biology and Biotechnology, 3, 294–299.",10.11646/zootaxa.5458.3.7,1994
"Adams JD, Castagnoli N, Trevor AJ (1978) Quantitative analysis of ketamine enantiomers. Proc West Pharmacol Soc 21:471–472",10.1007/s00128-024-03883-0,1978
"Gök, Y. (1995). Horasan-Gerek Köyü'nde 30 Ekim 1983 depremi sonrası yapılan afet konutlarının başlıca planlama sorunları, Doğu Coğrafya Dergisi, 1(1), 174-199.",10.53472/jenas.1412321,1995
"12.Mishra &Ahmad, Application Of Panchakarma In Musculoskeletal Disorders, J. Bio.Innov11(3), pp: 990-996, 2022 |ISSN 2277-8330 (Electronic)",10.46607/iamj0312112024,2022
"Delmastro G, Balma A, Bovero S, Candiotto A, Conte P, Seglie D. 2022. Un nuovo cobite esotico alla conquista del bacino del Po (Actinopterygii: Cobitidae). Italian Journal of Freshwater Ichtyology 8(1):9–15.",10.1080/24750263.2024.2387455,2022
"Dongmo PJ, Tatsadjieu L, Sonwa ET, Kuate J, Zollo PA, Menut C. Essential oils of Citrus aurantifolia from Cameroon and their antifungal activity against Phaeoramularia Angolensis. Afr J Agric Res. 2009;4(4):354–8.",10.1186/s13065-024-01162-x,2009
"Kırkan Ş, Kaya O. Serotyping of Mannheimia haemolytica Strains Isolated from Pneumonic Lungs of Sheep in the Aydın Region of Turkey. Turk J Vet Anim Sci. 2005; 29: 491-4.",10.46810/tdfd.1402193,2005
"La Psychanalyse Lacan, Jacques (1957). « L’instance de la lettre ». , n° 3, 47-81.",10.3917/graph1.085.0047,1957
"N. H. Marzuq and H. Andriani, “Hubungan service quality terhadap kepuasan pasien di fasilitas pelayanan kesehatan: literature review,” Jurnal Pendidikan Tambusai, vol. 6, no. 2, pp. 13995–14008, 2022.",10.21070/acopen.9.2024.7875,2022
"X. Lv, L. Liu, J. Li, H. Yu, and J. Xie, Rare Met. Mater. Eng. 49, 2326 (2020).",10.1007/s11837-024-06421-9,2020
"Li, T., G. Zhang, and J. Li. 2019. Research on spatial effect of SDM-based high speed railway on regional innovation. East China Economic Management 33 (05): 50–56.",10.1007/s44176-024-00028-9,2019
"Ijaiya AT, Aremu A, Alabi JO, Tiya EZ, Malik AA., Chakwen SJ, Onyemerekwe, CDA. Replacement value of millet for maize in practical diet fed to Japanese quail chicks. Nig. J. Poult Sci., 2009; 6:1–16.",10.26538/tjpps/v3i6.6,2009
"Guluwa LY, Madaki YA, Machido H, Dantayi RJ, Kulokom S. Performance and carcass evaluation of quails fed graded levels of water soaked sweet orange peel meal. Adv. Life Sci. Technol., 2014; 20:1-6.",10.26538/tjpps/v3i6.6,2014
"Neyman, J. (1935). Sur un teorema concernente le cosiddette statistiche sufficienti. Giornale dell Instituto Italiano degli Attuari, 6, 320–334.",10.1007/s13171-024-00359-5,1935
"Pew Research Centre. (August 6,2015). Teens, Technology and Friendships.",10.29121/shodhkosh.v5.i6.2024.5897,2015
"Makeeva S.B. Rol' Kitaiskoi assotsiatsii regionovedcheskoi nauki v razrabotke problematiki prostranstvennogo regional'nogo razvitiya KNR (1991 g.-nastoyashchee vremya) // Vestnik Omskogo universiteta seriya ""Istoricheskie nauki"". 2020. № 2 (26). S. 22-30.",10.7256/2454-0641.2024.4.72252,1991
"Biesaga Tadeusz, „Autonomia lekarza i pacjenta a cel medycyny” Medycyna Praktyczna, nr 6 (2005): 20-24.",10.36128/priw.vi49.451,2005
"Girgin, M. (1995). Kütle hareketleri nedeniyle yer değiştirilen yerleşmelere bir örnek: Gördes (Manisa), Doğu Coğrafya Dergisi, 1, 155-173.",10.53472/jenas.1412321,1995
"X. Liu, D. Ran, H. Meng, Q. Li, X. Gong, and B. Long, Rare Met. Mater. Eng. 50, 2244 (2021).",10.1007/s11837-024-06421-9,2021
"Noboru, H., and By, T. 2011. High-speed Railway Construction in Japan and its socio-economic Impact. J. Urban Reg. Plan 9: 176–200.",10.1007/s44176-024-00028-9,2011
"Falodun A, Igbinosa EO. Prospects of microbial natural products and their biological entities in drug discovery. Trop J Phytochem Pharm. Sci. 2022; 1(1):1.",10.26538/tjpps/v3i6.6,2022
"Nefedchenko AV, Glotova TI, Glotov AG. Isolation and antimicrobial resistance of Mannheimia haemolytica on dairy farms in Siberia. Bulg J Vet Med. 2019; 22 (4): 428-38.",10.46810/tdfd.1402193,2019
"Jeong. S. M., Kim. Y. J., Bae. J. H., Kim. H. J., Ki. K. S., 2018, Breeding call and environmental impact characteristics of gold-spotted pond frog (Rana chosenica) restored in urban wetlands, Korean Society of Environment & Ecology, 28(2), 55.",10.5322/jesi.2024.33.11.863,2018
"Burges, S. W. 2018. “Venezuela’s Democratic Decline and Brazil’s Growing Geopolitical Headache.” Pensamiento Propio 47:207–220.",10.1080/08263663.2024.2344316,2018
"Tillman, June Boyce. (2020). Job: A Masque For Living: Creativity As Palimpsest. Usuteaduslik Ajakiri, 1(77), s. 180–221.",10.61742/sanatyazilari.1378397,2020
"Liu, X. (2021). Correlation analysis between the development of digital economy and the status of global value chain division of labor. Journal of Commercial Economics, 13, 174–177.",10.1007/s13132-023-01698-8,2021
"Zhuang, Q.-Y.; Zhang, S.; Shi, D.-Q.; Tu, S.-J.; Wang, X.-S. Synthesis and Crystal Structure of Ethyl 2-amino-7,7-dimethyl-4-(4′-fluorophenyl)-5-oxo-5,6,7,8-tetrahydro-4H-benzo [b] pyran-2-carboxylate in Water. J. Xuzhou Normal Univ. (Nat. Sci.) 2003, 21, 46–49.",10.1515/ncrs-2024-0344,2003
"Omyła-Rudzka, Małgorzata. 2020. “Świadomość ekologiczna Polaków [Ecological awareness of the Polish society].” Public Opinion Research Center Research Announcement 163: 1-9.",10.21697/seb.5833,2020
"Shalaby NM, Abd-Alla HI, Ahmed HH, Basoudan N. Protective effect of Citrus sinensis and Citrus aurantifolia against osteoporosis and their phytochemical constituents. J Med Plants Res. 2011;5(4):579–88.",10.1186/s13065-024-01162-x,2011
"Singh AK, Vashisth A, Sehgal VK, Goyal A, Pathak H, Parihar SS (2014) Development of multi stage district level wheat yield forecast models. J Agric Phys 14(2):189–193",10.1007/s00484-024-02829-9,2014
"Ki, K. S., Kim, Y. J., Yoon, K. S., 2017, Breeding call characteristics and environmental factors of gold-spotted pond frog (Rana chosenica), Korean journal of environmental and ecology, 2017(2), 65.",10.5322/jesi.2024.33.11.863,2017
"Adewuyi AP, Lentswe LC (2021) Experimental verification of numerical models on the structural behaviour of concretes at elevated temperatures. J Multidiscip Eng Sci Stud 7(12):4195–4202",10.1617/s11527-024-02357-3,2021
"Nkomazana Fidelis (2016), Missionary Colonial Mentality and the Expansion of Christianity in Bechuanaland Protectorate, 1800 to 19001. Journal for the Study of Religion 29(2), 29 – 55.",10.46222/pharosjot.106.32,2016
"S. Nababan, A. Ayupir, and M. B. Souisa, “Efektifitas Buzz Froup dan Pendekatan Individual Dalam Upaya Pencegahan Pneumonia Pada Balita,” Jurnal Kesehatan Masyarakat, vol. 10, no. 4, 2022, doi: 10.14710/jkm.v10i4.32635.",10.30649/sbj.v3i3.121,2022
"Lee, D. (2008). The Legacy of Medieval Constitutionalism in the “Philosophy of Right”. History of Political Thought 29(4), pp. 601–34.",10.1163/26669773-bja10056,2008
"Victor, B., & Cullen, J. (1987). A theory and measure of ethical climate in organizations. Research in Corporate Social Performance and Policy, 9, 51–71.",10.1007/s12144-024-06958-7,1987
"Dudzińska Anna, „Wymagana informacja udzielana pacjentowi” Państwo i Prawo, z. 8 (2008): 90-102.",10.36128/priw.vi49.451,2008
"Dnevnik P.A. Valueva, ministra vnutrennikh del: v 2 t. T. 2: 1865–1876 gg. [Diary of P.A. Valuev, Minister of the Interior: In 2 Vols. Vol. 2: 1865–1876]. Moscow, Izd-vo Akad. nauk SSSR, 1961. 588 p.",10.15688/jvolsu4.2024.5.11,1961
